DATE,DailyAverageRelativeHumidity
2010-01-01,85.0
2010-01-02,66.0
2010-01-03,60.0
2010-01-04,58.0
2010-01-05,58.0
2010-01-06,58.0
2010-01-07,63.0
2010-01-08,69.0
2010-01-09,49.0
2010-01-10,44.0
2010-01-11,47.0
2010-01-12,55.0
2010-01-13,54.0
2010-01-14,55.0
2010-01-15,51.0
2010-01-16,54.0
2010-01-17,87.0
2010-01-18,74.0
2010-01-19,71.0
2010-01-20,60.0
2010-01-21,56.0
2010-01-22,52.0
2010-01-23,52.0
2010-01-24,85.0
2010-01-25,89.0
2010-01-26,51.0
2010-01-27,49.0
2010-01-28,55.0
2010-01-29,45.0
2010-01-30,47.0
2010-01-31,38.0
2010-02-01,38.0
2010-02-02,53.0
2010-02-03,72.0
2010-02-04,41.0
2010-02-05,50.0
2010-02-06,52.0
2010-02-07,51.0
2010-02-08,51.0
2010-02-09,55.0
2010-02-10,92.0
2010-02-11,58.0
2010-02-12,51.0
2010-02-13,53.0
2010-02-14,53.0
2010-02-15,56.0
2010-02-16,87.0
2010-02-17,63.0
2010-02-18,61.0
2010-02-19,54.0
2010-02-20,59.0
2010-02-21,44.0
2010-02-22,57.0
2010-02-23,92.0
2010-02-24,96.0
2010-02-25,95.0
2010-02-26,82.0
2010-02-27,71.0
2010-02-28,70.0
2010-03-01,57.0
2010-03-02,65.0
2010-03-03,72.0
2010-03-04,53.0
2010-03-05,43.0
2010-03-06,29.0
2010-03-07,38.0
2010-03-08,38.0
2010-03-09,40.0
2010-03-10,52.0
2010-03-11,76.0
2010-03-12,80.0
2010-03-13,88.0
2010-03-14,87.0
2010-03-15,76.0
2010-03-16,32.0
2010-03-17,38.0
2010-03-18,37.0
2010-03-19,41.0
2010-03-20,37.0
2010-03-21,66.0
2010-03-22,91.0
2010-03-23,84.0
2010-03-24,41.0
2010-03-25,51.0
2010-03-26,51.0
2010-03-27,40.0
2010-03-28,72.0
2010-03-29,90.0
2010-03-30,86.0
2010-03-31,71.0
2010-04-01,63.0
2010-04-02,65.0
2010-04-03,76.0
2010-04-04,56.0
2010-04-05,53.0
2010-04-06,69.0
2010-04-07,40.0
2010-04-08,61.0
2010-04-09,58.0
2010-04-10,34.0
2010-04-11,30.0
2010-04-12,29.0
2010-04-13,46.0
2010-04-14,39.0
2010-04-15,35.0
2010-04-16,67.0
2010-04-17,63.0
2010-04-18,50.0
2010-04-19,44.0
2010-04-20,44.0
2010-04-21,56.0
2010-04-22,54.0
2010-04-23,35.0
2010-04-24,33.0
2010-04-25,88.0
2010-04-26,88.0
2010-04-27,60.0
2010-04-28,40.0
2010-04-29,26.0
2010-04-30,31.0
2010-05-01,52.0
2010-05-02,59.0
2010-05-03,73.0
2010-05-04,50.0
2010-05-05,42.0
2010-05-06,50.0
2010-05-07,49.0
2010-05-08,54.0
2010-05-09,45.0
2010-05-10,36.0
2010-05-11,42.0
2010-05-12,84.0
2010-05-13,48.0
2010-05-14,65.0
2010-05-15,41.0
2010-05-16,45.0
2010-05-17,35.0
2010-05-18,74.0
2010-05-19,72.0
2010-05-20,54.0
2010-05-21,54.0
2010-05-22,72.0
2010-05-23,86.0
2010-05-24,81.0
2010-05-25,64.0
2010-05-26,52.0
2010-05-27,64.0
2010-05-28,63.0
2010-05-29,68.0
2010-05-30,47.0
2010-05-31,59.0
2010-06-01,67.0
2010-06-02,58.0
2010-06-03,60.0
2010-06-04,56.0
2010-06-05,53.0
2010-06-06,55.0
2010-06-07,41.0
2010-06-08,40.0
2010-06-09,71.0
2010-06-10,72.0
2010-06-11,68.0
2010-06-12,69.0
2010-06-13,82.0
2010-06-14,77.0
2010-06-15,47.0
2010-06-16,65.0
2010-06-17,63.0
2010-06-18,47.0
2010-06-19,67.0
2010-06-20,60.0
2010-06-21,47.0
2010-06-22,61.0
2010-06-23,54.0
2010-06-24,50.0
2010-06-25,53.0
2010-06-26,48.0
2010-06-27,57.0
2010-06-28,56.0
2010-06-29,49.0
2010-06-30,36.0
2010-07-01,41.0
2010-07-02,39.0
2010-07-03,38.0
2010-07-04,31.0
2010-07-05,39.0
2010-07-06,42.0
2010-07-07,48.0
2010-07-08,70.0
2010-07-09,66.0
2010-07-10,70.0
2010-07-11,60.0
2010-07-12,53.0
2010-07-13,76.0
2010-07-14,82.0
2010-07-15,71.0
2010-07-16,61.0
2010-07-17,48.0
2010-07-18,45.0
2010-07-19,59.0
2010-07-20,56.0
2010-07-21,56.0
2010-07-22,46.0
2010-07-23,64.0
2010-07-24,51.0
2010-07-25,62.0
2010-07-26,45.0
2010-07-27,41.0
2010-07-28,55.0
2010-07-29,57.0
2010-07-30,46.0
2010-07-31,45.0
2010-08-01,59.0
2010-08-02,56.0
2010-08-03,61.0
2010-08-04,66.0
2010-08-05,57.0
2010-08-06,44.0
2010-08-07,48.0
2010-08-08,65.0
2010-08-09,57.0
2010-08-10,54.0
2010-08-11,59.0
2010-08-12,74.0
2010-08-13,59.0
2010-08-14,52.0
2010-08-15,68.0
2010-08-16,77.0
2010-08-17,54.0
2010-08-18,57.0
2010-08-19,51.0
2010-08-20,46.0
2010-08-21,62.0
2010-08-22,84.0
2010-08-23,76.0
2010-08-24,72.0
2010-08-25,86.0
2010-08-26,56.0
2010-08-27,48.0
2010-08-28,46.0
2010-08-29,43.0
2010-08-30,45.0
2010-08-31,45.0
2010-09-01,48.0
2010-09-02,51.0
2010-09-03,68.0
2010-09-04,40.0
2010-09-05,39.0
2010-09-06,46.0
2010-09-07,61.0
2010-09-08,47.0
2010-09-09,55.0
2010-09-10,55.0
2010-09-11,52.0
2010-09-12,74.0
2010-09-13,73.0
2010-09-14,55.0
2010-09-15,47.0
2010-09-16,67.0
2010-09-17,68.0
2010-09-18,64.0
2010-09-19,63.0
2010-09-20,48.0
2010-09-21,50.0
2010-09-22,64.0
2010-09-23,68.0
2010-09-24,73.0
2010-09-25,46.0
2010-09-26,58.0
2010-09-27,88.0
2010-09-28,84.0
2010-09-29,60.0
2010-09-30,84.0
2010-10-01,78.0
2010-10-02,53.0
2010-10-03,61.0
2010-10-04,79.0
2010-10-05,84.0
2010-10-06,62.0
2010-10-07,55.0
2010-10-08,39.0
2010-10-09,36.0
2010-10-10,36.0
2010-10-11,58.0
2010-10-12,65.0
2010-10-13,49.0
2010-10-14,69.0
2010-10-15,60.0
2010-10-16,51.0
2010-10-17,42.0
2010-10-18,50.0
2010-10-19,60.0
2010-10-20,56.0
2010-10-21,57.0
2010-10-22,42.0
2010-10-23,41.0
2010-10-24,73.0
2010-10-25,76.0
2010-10-26,78.0
2010-10-27,84.0
2010-10-28,50.0
2010-10-29,48.0
2010-10-30,45.0
2010-10-31,49.0
2010-11-01,50.0
2010-11-02,47.0
2010-11-03,57.0
2010-11-04,84.0
2010-11-05,69.0
2010-11-06,58.0
2010-11-07,52.0
2010-11-08,60.0
2010-11-09,67.0
2010-11-10,55.0
2010-11-11,42.0
2010-11-12,30.0
2010-11-13,42.0
2010-11-14,73.0
2010-11-15,80.0
2010-11-16,81.0
2010-11-17,56.0
2010-11-18,50.0
2010-11-19,49.0
2010-11-20,50.0
2010-11-21,53.0
2010-11-22,68.0
2010-11-23,64.0
2010-11-24,37.0
2010-11-25,56.0
2010-11-26,63.0
2010-11-27,43.0
2010-11-28,44.0
2010-11-29,55.0
2010-11-30,74.0
2010-12-01,77.0
2010-12-02,50.0
2010-12-03,52.0
2010-12-04,54.0
2010-12-05,50.0
2010-12-06,51.0
2010-12-07,47.0
2010-12-08,38.0
2010-12-09,42.0
2010-12-10,54.0
2010-12-11,57.0
2010-12-12,83.0
2010-12-13,69.0
2010-12-14,53.0
2010-12-15,46.0
2010-12-16,48.0
2010-12-17,51.0
2010-12-18,50.0
2010-12-19,56.0
2010-12-20,54.0
2010-12-21,53.0
2010-12-22,60.0
2010-12-23,55.0
2010-12-24,50.0
2010-12-25,56.0
2010-12-26,73.0
2010-12-27,57.0
2010-12-28,49.0
2010-12-29,58.0
2010-12-30,60.0
2010-12-31,55.0
2011-01-01,66.0
2011-01-02,70.0
2011-01-03,42.0
2011-01-04,43.0
2011-01-05,45.0
2011-01-06,52.0
2011-01-07,70.0
2011-01-08,67.0
2011-01-09,50.0
2011-01-10,50.0
2011-01-11,66.0
2011-01-12,63.0
2011-01-13,52.0
2011-01-14,53.0
2011-01-15,54.0
2011-01-16,42.0
2011-01-17,46.0
2011-01-18,86.0
2011-01-19,74.0
2011-01-20,51.0
2011-01-21,59.0
2011-01-22,46.0
2011-01-23,45.0
2011-01-24,45.0
2011-01-25,65.0
2011-01-26,81.0
2011-01-27,60.0
2011-01-28,66.0
2011-01-29,63.0
2011-01-30,58.0
2011-01-31,43.0
2011-02-01,80.0
2011-02-02,77.0
2011-02-03,45.0
2011-02-04,45.0
2011-02-05,76.0
2011-02-06,52.0
2011-02-07,64.0
2011-02-08,60.0
2011-02-09,44.0
2011-02-10,37.0
2011-02-11,37.0
2011-02-12,47.0
2011-02-13,44.0
2011-02-14,43.0
2011-02-15,35.0
2011-02-16,35.0
2011-02-17,47.0
2011-02-18,56.0
2011-02-19,39.0
2011-02-20,43.0
2011-02-21,71.0
2011-02-22,46.0
2011-02-23,38.0
2011-02-24,62.0
2011-02-25,83.0
2011-02-26,51.0
2011-02-27,62.0
2011-02-28,76.0
2011-03-01,37.0
2011-03-02,43.0
2011-03-03,33.0
2011-03-04,52.0
2011-03-05,77.0
2011-03-06,90.0
2011-03-07,62.0
2011-03-08,43.0
2011-03-09,69.0
2011-03-10,84.0
2011-03-11,69.0
2011-03-12,50.0
2011-03-13,49.0
2011-03-14,57.0
2011-03-15,69.0
2011-03-16,75.0
2011-03-17,52.0
2011-03-18,41.0
2011-03-19,46.0
2011-03-20,47.0
2011-03-21,86.0
2011-03-22,57.0
2011-03-23,90.0
2011-03-24,60.0
2011-03-25,42.0
2011-03-26,40.0
2011-03-27,38.0
2011-03-28,37.0
2011-03-29,41.0
2011-03-30,49.0
2011-03-31,77.0
2011-04-01,78.0
2011-04-02,41.0
2011-04-03,36.0
2011-04-04,70.0
2011-04-05,71.0
2011-04-06,53.0
2011-04-07,74.0
2011-04-08,74.0
2011-04-09,58.0
2011-04-10,62.0
2011-04-11,75.0
2011-04-12,67.0
2011-04-13,90.0
2011-04-14,55.0
2011-04-15,53.0
2011-04-16,81.0
2011-04-17,51.0
2011-04-18,49.0
2011-04-19,76.0
2011-04-20,81.0
2011-04-21,41.0
2011-04-22,50.0
2011-04-23,91.0
2011-04-24,76.0
2011-04-25,86.0
2011-04-26,80.0
2011-04-27,85.0
2011-04-28,84.0
2011-04-29,44.0
2011-04-30,46.0
2011-05-01,52.0
2011-05-02,66.0
2011-05-03,77.0
2011-05-04,78.0
2011-05-05,40.0
2011-05-06,40.0
2011-05-07,47.0
2011-05-08,48.0
2011-05-09,42.0
2011-05-10,47.0
2011-05-11,59.0
2011-05-12,61.0
2011-05-13,66.0
2011-05-14,78.0
2011-05-15,89.0
2011-05-16,94.0
2011-05-17,92.0
2011-05-18,93.0
2011-05-19,84.0
2011-05-20,81.0
2011-05-21,78.0
2011-05-22,85.0
2011-05-23,88.0
2011-05-24,62.0
2011-05-25,55.0
2011-05-26,79.0
2011-05-27,73.0
2011-05-28,73.0
2011-05-29,73.0
2011-05-30,66.0
2011-05-31,62.0
2011-06-01,64.0
2011-06-02,32.0
2011-06-03,32.0
2011-06-04,46.0
2011-06-05,67.0
2011-06-06,55.0
2011-06-07,48.0
2011-06-08,46.0
2011-06-09,60.0
2011-06-10,61.0
2011-06-11,93.0
2011-06-12,81.0
2011-06-13,64.0
2011-06-14,71.0
2011-06-15,50.0
2011-06-16,55.0
2011-06-17,80.0
2011-06-18,65.0
2011-06-19,52.0
2011-06-20,56.0
2011-06-21,62.0
2011-06-22,72.0
2011-06-23,91.0
2011-06-24,92.0
2011-06-25,72.0
2011-06-26,56.0
2011-06-27,60.0
2011-06-28,69.0
2011-06-29,56.0
2011-06-30,47.0
2011-07-01,45.0
2011-07-02,56.0
2011-07-03,79.0
2011-07-04,59.0
2011-07-05,43.0
2011-07-06,54.0
2011-07-07,60.0
2011-07-08,77.0
2011-07-09,55.0
2011-07-10,53.0
2011-07-11,55.0
2011-07-12,52.0
2011-07-13,49.0
2011-07-14,54.0
2011-07-15,47.0
2011-07-16,46.0
2011-07-17,49.0
2011-07-18,57.0
2011-07-19,62.0
2011-07-20,71.0
2011-07-21,65.0
2011-07-22,47.0
2011-07-23,51.0
2011-07-24,62.0
2011-07-25,69.0
2011-07-26,63.0
2011-07-27,53.0
2011-07-28,60.0
2011-07-29,78.0
2011-07-30,49.0
2011-07-31,52.0
2011-08-01,60.0
2011-08-02,45.0
2011-08-03,63.0
2011-08-04,68.0
2011-08-05,64.0
2011-08-06,74.0
2011-08-07,71.0
2011-08-08,63.0
2011-08-09,77.0
2011-08-10,53.0
2011-08-11,42.0
2011-08-12,45.0
2011-08-13,55.0
2011-08-14,91.0
2011-08-15,81.0
2011-08-16,70.0
2011-08-17,55.0
2011-08-18,67.0
2011-08-19,66.0
2011-08-20,65.0
2011-08-21,75.0
2011-08-22,51.0
2011-08-23,45.0
2011-08-24,58.0
2011-08-25,76.0
2011-08-26,72.0
2011-08-27,90.0
2011-08-28,74.0
2011-08-29,50.0
2011-08-30,49.0
2011-08-31,50.0
2011-09-01,54.0
2011-09-02,63.0
2011-09-03,62.0
2011-09-04,69.0
2011-09-05,74.0
2011-09-06,86.0
2011-09-07,91.0
2011-09-08,83.0
2011-09-09,66.0
2011-09-10,65.0
2011-09-11,74.0
2011-09-12,70.0
2011-09-13,58.0
2011-09-14,64.0
2011-09-15,69.0
2011-09-16,46.0
2011-09-17,54.0
2011-09-18,58.0
2011-09-19,64.0
2011-09-20,77.0
2011-09-21,80.0
2011-09-22,84.0
2011-09-23,90.0
2011-09-24,81.0
2011-09-25,73.0
2011-09-26,78.0
2011-09-27,84.0
2011-09-28,84.0
2011-09-29,80.0
2011-09-30,63.0
2011-10-01,78.0
2011-10-02,69.0
2011-10-03,66.0
2011-10-04,70.0
2011-10-05,49.0
2011-10-06,38.0
2011-10-07,48.0
2011-10-08,48.0
2011-10-09,49.0
2011-10-10,50.0
2011-10-11,55.0
2011-10-12,74.0
2011-10-13,91.0
2011-10-14,81.0
2011-10-15,43.0
2011-10-16,38.0
2011-10-17,42.0
2011-10-18,45.0
2011-10-19,88.0
2011-10-20,63.0
2011-10-21,52.0
2011-10-22,57.0
2011-10-23,53.0
2011-10-24,65.0
2011-10-25,46.0
2011-10-26,60.0
2011-10-27,84.0
2011-10-28,52.0
2011-10-29,82.0
2011-10-30,60.0
2011-10-31,61.0
2011-11-01,56.0
2011-11-02,59.0
2011-11-03,63.0
2011-11-04,51.0
2011-11-05,47.0
2011-11-06,56.0
2011-11-07,63.0
2011-11-08,59.0
2011-11-09,80.0
2011-11-10,82.0
2011-11-11,51.0
2011-11-12,42.0
2011-11-13,54.0
2011-11-14,57.0
2011-11-15,62.0
2011-11-16,86.0
2011-11-17,56.0
2011-11-18,42.0
2011-11-19,49.0
2011-11-20,64.0
2011-11-21,57.0
2011-11-22,81.0
2011-11-23,85.0
2011-11-24,56.0
2011-11-25,48.0
2011-11-26,45.0
2011-11-28,71.0
2011-11-29,85.0
2011-11-30,59.0
2011-12-01,46.0
2011-12-02,50.0
2011-12-03,59.0
2011-12-04,75.0
2011-12-05,88.0
2011-12-06,89.0
2011-12-07,92.0
2011-12-08,55.0
2011-12-09,59.0
2011-12-10,49.0
2011-12-11,43.0
2011-12-12,41.0
2011-12-13,47.0
2011-12-14,63.0
2011-12-15,65.0
2011-12-16,47.0
2011-12-17,53.0
2011-12-18,47.0
2011-12-19,51.0
2011-12-20,60.0
2011-12-21,85.0
2011-12-22,58.0
2011-12-23,69.0
2011-12-24,52.0
2011-12-25,54.0
2011-12-26,52.0
2011-12-27,72.0
2011-12-28,54.0
2011-12-29,45.0
2011-12-30,63.0
2011-12-31,73.0
2012-01-01,72.0
2012-01-02,42.0
2012-01-03,50.0
2012-01-04,46.0
2012-01-05,48.0
2012-01-06,48.0
2012-01-07,44.0
2012-01-08,47.0
2012-01-09,50.0
2012-01-10,52.0
2012-01-11,59.0
2012-01-12,88.0
2012-01-13,64.0
2012-01-14,50.0
2012-01-15,42.0
2012-01-16,50.0
2012-01-17,81.0
2012-01-18,44.0
2012-01-19,52.0
2012-01-20,44.0
2012-01-21,77.0
2012-01-22,71.0
2012-01-23,89.0
2012-01-24,64.0
2012-01-25,55.0
2012-01-26,77.0
2012-01-27,79.0
2012-01-28,49.0
2012-01-29,32.0
2012-01-30,38.0
2012-01-31,38.0
2012-02-01,46.0
2012-02-02,57.0
2012-02-03,44.0
2012-02-04,43.0
2012-02-05,47.0
2012-02-06,42.0
2012-02-07,47.0
2012-02-08,54.0
2012-02-09,49.0
2012-02-10,48.0
2012-02-11,70.0
2012-02-12,45.0
2012-02-13,38.0
2012-02-14,41.0
2012-02-15,75.0
2012-02-16,74.0
2012-02-17,56.0
2012-02-18,48.0
2012-02-19,48.0
2012-02-20,41.0
2012-02-21,55.0
2012-02-22,55.0
2012-02-23,50.0
2012-02-24,81.0
2012-02-25,41.0
2012-02-26,38.0
2012-02-27,50.0
2012-02-28,39.0
2012-02-29,69.0
2012-03-01,82.0
2012-03-02,72.0
2012-03-03,62.0
2012-03-04,41.0
2012-03-05,34.0
2012-03-06,40.0
2012-03-07,51.0
2012-03-08,57.0
2012-03-09,46.0
2012-03-10,33.0
2012-03-11,34.0
2012-03-12,43.0
2012-03-13,64.0
2012-03-14,34.0
2012-03-15,77.0
2012-03-16,82.0
2012-03-17,74.0
2012-03-18,76.0
2012-03-19,63.0
2012-03-20,78.0
2012-03-21,89.0
2012-03-22,74.0
2012-03-23,56.0
2012-03-24,41.0
2012-03-25,71.0
2012-03-26,40.0
2012-03-27,20.0
2012-03-28,42.0
2012-03-29,48.0
2012-03-30,42.0
2012-03-31,78.0
2012-04-01,69.0
2012-04-02,45.0
2012-04-03,26.0
2012-04-04,26.0
2012-04-05,38.0
2012-04-06,33.0
2012-04-07,27.0
2012-04-08,25.0
2012-04-09,22.0
2012-04-10,37.0
2012-04-11,48.0
2012-04-12,45.0
2012-04-13,36.0
2012-04-14,30.0
2012-04-15,50.0
2012-04-16,50.0
2012-04-17,31.0
2012-04-18,41.0
2012-04-19,62.0
2012-04-20,58.0
2012-04-21,75.0
2012-04-22,80.0
2012-04-23,74.0
2012-04-24,42.0
2012-04-25,39.0
2012-04-26,75.0
2012-04-27,47.0
2012-04-28,34.0
2012-04-29,26.0
2012-04-30,36.0
2012-05-01,74.0
2012-05-02,80.0
2012-05-03,83.0
2012-05-04,79.0
2012-05-05,85.0
2012-05-06,66.0
2012-05-07,59.0
2012-05-08,70.0
2012-05-09,87.0
2012-05-10,54.0
2012-05-11,34.0
2012-05-12,31.0
2012-05-13,41.0
2012-05-14,67.0
2012-05-15,83.0
2012-05-16,75.0
2012-05-17,39.0
2012-05-18,44.0
2012-05-19,41.0
2012-05-20,52.0
2012-05-21,88.0
2012-05-22,83.0
2012-05-23,77.0
2012-05-24,88.0
2012-05-25,87.0
2012-05-26,75.0
2012-05-27,66.0
2012-05-28,63.0
2012-05-29,62.0
2012-05-30,67.0
2012-05-31,50.0
2012-06-01,67.0
2012-06-02,64.0
2012-06-03,56.0
2012-06-04,72.0
2012-06-05,67.0
2012-06-06,66.0
2012-06-07,64.0
2012-06-08,52.0
2012-06-09,57.0
2012-06-10,70.0
2012-06-11,66.0
2012-06-12,87.0
2012-06-13,92.0
2012-06-14,71.0
2012-06-15,53.0
2012-06-16,60.0
2012-06-17,71.0
2012-06-18,69.0
2012-06-19,74.0
2012-06-20,58.0
2012-06-21,49.0
2012-06-22,70.0
2012-06-23,58.0
2012-06-24,54.0
2012-06-25,79.0
2012-06-26,54.0
2012-06-27,41.0
2012-06-28,41.0
2012-06-29,52.0
2012-06-30,41.0
2012-07-01,46.0
2012-07-02,43.0
2012-07-03,50.0
2012-07-04,55.0
2012-07-05,52.0
2012-07-06,56.0
2012-07-07,54.0
2012-07-08,57.0
2012-07-09,49.0
2012-07-10,55.0
2012-07-11,64.0
2012-07-12,54.0
2012-07-13,55.0
2012-07-14,55.0
2012-07-15,70.0
2012-07-16,60.0
2012-07-17,45.0
2012-07-18,65.0
2012-07-19,72.0
2012-07-20,87.0
2012-07-21,67.0
2012-07-22,60.0
2012-07-23,74.0
2012-07-24,57.0
2012-07-25,43.0
2012-07-26,67.0
2012-07-27,64.0
2012-07-28,91.0
2012-07-29,77.0
2012-07-30,73.0
2012-07-31,74.0
2012-08-01,81.0
2012-08-02,68.0
2012-08-03,66.0
2012-08-04,72.0
2012-08-05,75.0
2012-08-06,58.0
2012-08-07,57.0
2012-08-08,73.0
2012-08-09,71.0
2012-08-10,81.0
2012-08-11,74.0
2012-08-12,53.0
2012-08-13,50.0
2012-08-14,69.0
2012-08-15,83.0
2012-08-16,58.0
2012-08-17,57.0
2012-08-18,65.0
2012-08-19,52.0
2012-08-20,59.0
2012-08-21,57.0
2012-08-22,62.0
2012-08-23,60.0
2012-08-24,59.0
2012-08-25,71.0
2012-08-26,71.0
2012-08-27,80.0
2012-08-28,62.0
2012-08-29,47.0
2012-08-30,43.0
2012-08-31,43.0
2012-09-01,59.0
2012-09-02,75.0
2012-09-03,73.0
2012-09-04,89.0
2012-09-05,76.0
2012-09-06,75.0
2012-09-07,70.0
2012-09-08,81.0
2012-09-09,60.0
2012-09-10,53.0
2012-09-11,48.0
2012-09-12,53.0
2012-09-13,61.0
2012-09-14,65.0
2012-09-15,55.0
2012-09-16,50.0
2012-09-17,52.0
2012-09-18,86.0
2012-09-19,52.0
2012-09-20,68.0
2012-09-21,66.0
2012-09-22,78.0
2012-09-23,51.0
2012-09-24,45.0
2012-09-25,53.0
2012-09-26,67.0
2012-09-27,71.0
2012-09-28,90.0
2012-09-29,79.0
2012-09-30,66.0
2012-10-01,54.0
2012-10-02,78.0
2012-10-03,96.0
2012-10-04,91.0
2012-10-05,64.0
2012-10-06,64.0
2012-10-07,67.0
2012-10-08,67.0
2012-10-09,83.0
2012-10-10,72.0
2012-10-11,45.0
2012-10-12,56.0
2012-10-13,47.0
2012-10-14,65.0
2012-10-15,75.0
2012-10-16,54.0
2012-10-17,61.0
2012-10-18,72.0
2012-10-19,94.0
2012-10-20,65.0
2012-10-21,50.0
2012-10-22,51.0
2012-10-23,67.0
2012-10-24,86.0
2012-10-25,73.0
2012-10-26,76.0
2012-10-27,79.0
2012-10-28,71.0
2012-10-29,84.0
2012-10-30,70.0
2012-10-31,63.0
2012-11-01,66.0
2012-11-02,61.0
2012-11-03,62.0
2012-11-04,59.0
2012-11-05,53.0
2012-11-06,48.0
2012-11-07,81.0
2012-11-08,54.0
2012-11-09,52.0
2012-11-10,67.0
2012-11-11,82.0
2012-11-12,91.0
2012-11-13,77.0
2012-11-14,52.0
2012-11-15,57.0
2012-11-16,54.0
2012-11-17,55.0
2012-11-18,68.0
2012-11-19,74.0
2012-11-20,65.0
2012-11-21,58.0
2012-11-22,73.0
2012-11-23,81.0
2012-11-24,46.0
2012-11-25,48.0
2012-11-26,42.0
2012-11-27,79.0
2012-11-28,61.0
2012-11-29,49.0
2012-11-30,60.0
2012-12-01,87.0
2012-12-02,90.0
2012-12-03,75.0
2012-12-04,91.0
2012-12-05,61.0
2012-12-06,46.0
2012-12-07,77.0
2012-12-08,91.0
2012-12-09,81.0
2012-12-10,93.0
2012-12-11,61.0
2012-12-12,48.0
2012-12-13,50.0
2012-12-14,46.0
2012-12-15,57.0
2012-12-16,83.0
2012-12-17,91.0
2012-12-18,77.0
2012-12-19,53.0
2012-12-20,64.0
2012-12-21,69.0
2012-12-22,54.0
2012-12-23,44.0
2012-12-24,59.0
2012-12-25,75.0
2012-12-26,77.0
2012-12-27,75.0
2012-12-28,62.0
2012-12-29,80.0
2012-12-30,53.0
2012-12-31,49.0
2013-01-01,54.0
2013-01-02,51.0
2013-01-03,53.0
2013-01-04,50.0
2013-01-05,47.0
2013-01-06,58.0
2013-01-07,51.0
2013-01-08,56.0
2013-01-09,63.0
2013-01-10,46.0
2013-01-11,73.0
2013-01-12,94.0
2013-01-13,93.0
2013-01-14,76.0
2013-01-15,64.0
2013-01-16,87.0
2013-01-17,56.0
2013-01-18,43.0
2013-01-19,45.0
2013-01-20,41.0
2013-01-21,45.0
2013-01-22,44.0
2013-01-23,43.0
2013-01-24,46.0
2013-01-25,57.0
2013-01-26,56.0
2013-01-27,47.0
2013-01-28,71.0
2013-01-29,85.0
2013-01-30,92.0
2013-01-31,50.0
2013-02-01,45.0
2013-02-02,48.0
2013-02-03,69.0
2013-02-04,44.0
2013-02-05,81.0
2013-02-06,57.0
2013-02-07,43.0
2013-02-08,84.0
2013-02-09,58.0
2013-02-10,50.0
2013-02-11,89.0
2013-02-12,49.0
2013-02-13,59.0
2013-02-14,64.0
2013-02-15,62.0
2013-02-16,63.0
2013-02-17,41.0
2013-02-18,39.0
2013-02-19,63.0
2013-02-20,44.0
2013-02-21,49.0
2013-02-22,63.0
2013-02-23,91.0
2013-02-24,70.0
2013-02-25,57.0
2013-02-26,73.0
2013-02-27,83.0
2013-02-28,61.0
2013-03-01,61.0
2013-03-02,61.0
2013-03-03,54.0
2013-03-04,53.0
2013-03-05,50.0
2013-03-06,67.0
2013-03-07,76.0
2013-03-08,74.0
2013-03-09,42.0
2013-03-10,75.0
2013-03-11,79.0
2013-03-12,83.0
2013-03-13,50.0
2013-03-14,37.0
2013-03-15,43.0
2013-03-16,67.0
2013-03-17,48.0
2013-03-18,62.0
2013-03-19,78.0
2013-03-20,39.0
2013-03-21,46.0
2013-03-22,43.0
2013-03-23,42.0
2013-03-24,45.0
2013-03-25,69.0
2013-03-26,52.0
2013-03-27,47.0
2013-03-28,54.0
2013-03-29,46.0
2013-03-30,45.0
2013-03-31,66.0
2013-04-01,59.0
2013-04-02,32.0
2013-04-03,32.0
2013-04-04,41.0
2013-04-05,38.0
2013-04-06,38.0
2013-04-07,60.0
2013-04-08,58.0
2013-04-09,45.0
2013-04-10,65.0
2013-04-11,74.0
2013-04-12,83.0
2013-04-13,64.0
2013-04-14,44.0
2013-04-15,51.0
2013-04-16,72.0
2013-04-17,50.0
2013-04-18,65.0
2013-04-19,82.0
2013-04-20,42.0
2013-04-21,39.0
2013-04-22,53.0
2013-04-23,68.0
2013-04-24,69.0
2013-04-25,36.0
2013-04-26,36.0
2013-04-27,32.0
2013-04-28,43.0
2013-04-29,68.0
2013-04-30,47.0
2013-05-01,50.0
2013-05-02,53.0
2013-05-03,54.0
2013-05-04,59.0
2013-05-05,59.0
2013-05-06,67.0
2013-05-07,73.0
2013-05-08,84.0
2013-05-09,80.0
2013-05-10,61.0
2013-05-11,84.0
2013-05-12,39.0
2013-05-13,38.0
2013-05-14,37.0
2013-05-15,57.0
2013-05-16,45.0
2013-05-17,37.0
2013-05-18,66.0
2013-05-19,89.0
2013-05-20,77.0
2013-05-21,66.0
2013-05-22,79.0
2013-05-23,82.0
2013-05-24,81.0
2013-05-25,68.0
2013-05-26,42.0
2013-05-27,30.0
2013-05-28,70.0
2013-05-29,71.0
2013-05-30,48.0
2013-05-31,48.0
2013-06-01,57.0
2013-06-02,60.0
2013-06-03,74.0
2013-06-04,38.0
2013-06-05,48.0
2013-06-06,67.0
2013-06-07,91.0
2013-06-08,67.0
2013-06-09,57.0
2013-06-10,88.0
2013-06-11,66.0
2013-06-12,50.0
2013-06-13,72.0
2013-06-14,64.0
2013-06-15,46.0
2013-06-16,48.0
2013-06-17,59.0
2013-06-18,76.0
2013-06-19,50.0
2013-06-20,47.0
2013-06-21,42.0
2013-06-22,48.0
2013-06-23,63.0
2013-06-24,56.0
2013-06-25,52.0
2013-06-26,56.0
2013-06-27,74.0
2013-06-28,65.0
2013-06-29,68.0
2013-06-30,78.0
2013-07-01,85.0
2013-07-02,79.0
2013-07-03,76.0
2013-07-04,65.0
2013-07-05,60.0
2013-07-06,53.0
2013-07-07,52.0
2013-07-08,54.0
2013-07-09,57.0
2013-07-10,65.0
2013-07-11,61.0
2013-07-12,73.0
2013-07-13,87.0
2013-07-14,62.0
2013-07-15,56.0
2013-07-16,47.0
2013-07-17,50.0
2013-07-18,47.0
2013-07-19,52.0
2013-07-20,53.0
2013-07-21,57.0
2013-07-22,84.0
2013-07-23,68.0
2013-07-24,57.0
2013-07-25,64.0
2013-07-26,60.0
2013-07-27,61.0
2013-07-28,74.0
2013-07-29,54.0
2013-07-30,48.0
2013-07-31,51.0
2013-08-01,75.0
2013-08-02,54.0
2013-08-03,60.0
2013-08-04,48.0
2013-08-05,43.0
2013-08-06,53.0
2013-08-07,65.0
2013-08-08,81.0
2013-08-09,76.0
2013-08-10,55.0
2013-08-11,50.0
2013-08-12,73.0
2013-08-13,79.0
2013-08-14,51.0
2013-08-15,45.0
2013-08-16,47.0
2013-08-17,48.0
2013-08-18,65.0
2013-08-19,58.0
2013-08-20,58.0
2013-08-21,53.0
2013-08-22,77.0
2013-08-23,52.0
2013-08-24,51.0
2013-08-25,47.0
2013-08-26,54.0
2013-08-27,63.0
2013-08-28,76.0
2013-08-29,73.0
2013-08-30,66.0
2013-08-31,70.0
2013-09-01,77.0
2013-09-02,82.0
2013-09-03,65.0
2013-09-04,50.0
2013-09-05,45.0
2013-09-06,44.0
2013-09-07,45.0
2013-09-08,48.0
2013-09-09,54.0
2013-09-10,67.0
2013-09-11,62.0
2013-09-12,74.0
2013-09-13,65.0
2013-09-14,57.0
2013-09-15,53.0
2013-09-16,62.0
2013-09-17,47.0
2013-09-18,50.0
2013-09-19,53.0
2013-09-20,63.0
2013-09-21,80.0
2013-09-22,60.0
2013-09-23,53.0
2013-09-24,50.0
2013-09-25,50.0
2013-09-26,70.0
2013-09-27,65.0
2013-09-28,59.0
2013-09-29,68.0
2013-09-30,63.0
2013-11-01,71.0
2013-11-02,55.0
2013-11-03,55.0
2013-11-04,38.0
2013-11-05,56.0
2013-11-06,70.0
2013-11-07,72.0
2013-11-08,48.0
2013-11-09,45.0
2013-11-10,47.0
2013-11-11,41.0
2013-11-12,54.0
2013-11-13,45.0
2013-11-14,32.0
2013-11-15,39.0
2013-11-16,67.0
2013-11-17,90.0
2013-11-18,46.0
2013-11-19,47.0
2013-11-20,42.0
2013-11-21,56.0
2013-11-22,73.0
2013-11-23,46.0
2013-11-24,43.0
2013-11-25,42.0
2013-11-26,60.0
2013-11-27,82.0
2013-11-28,42.0
2013-11-29,46.0
2013-11-30,54.0
2013-12-01,59.0
2013-12-02,75.0
2013-12-03,67.0
2013-12-04,70.0
2013-12-05,91.0
2013-12-06,86.0
2013-12-07,61.0
2013-12-08,62.0
2013-12-09,87.0
2013-12-10,72.0
2013-12-11,46.0
2013-12-12,42.0
2013-12-13,39.0
2013-12-14,79.0
2013-12-15,73.0
2013-12-16,45.0
2013-12-17,74.0
2013-12-18,59.0
2013-12-19,53.0
2013-12-20,54.0
2013-12-21,73.0
2013-12-22,78.0
2013-12-23,84.0
2013-12-24,53.0
2013-12-25,47.0
2013-12-26,59.0
2013-12-27,48.0
2013-12-28,42.0
2013-12-29,68.0
2013-12-30,60.0
2013-12-31,49.0
2014-01-01,49.0
2014-01-02,79.0
2014-01-03,63.0
2014-01-04,48.0
2014-01-05,84.0
2014-01-06,70.0
2014-01-07,38.0
2014-01-08,41.0
2014-01-09,45.0
2014-01-10,80.0
2014-01-11,93.0
2014-01-12,52.0
2014-01-13,65.0
2014-01-14,84.0
2014-01-15,84.0
2014-01-16,69.0
2014-01-17,57.0
2014-01-18,73.0
2014-01-19,52.0
2014-01-20,49.0
2014-01-21,68.0
2014-01-22,51.0
2014-01-23,51.0
2014-01-24,45.0
2014-01-25,58.0
2014-01-26,46.0
2014-01-27,50.0
2014-01-28,34.0
2014-01-29,45.0
2014-01-30,41.0
2014-01-31,38.0
2014-02-01,53.0
2014-02-02,68.0
2014-02-03,83.0
2014-02-04,65.0
2014-02-05,86.0
2014-02-06,60.0
2014-02-07,48.0
2014-02-08,37.0
2014-02-09,54.0
2014-02-10,51.0
2014-02-11,46.0
2014-02-12,53.0
2014-02-13,88.0
2014-02-14,61.0
2014-02-15,73.0
2014-02-16,51.0
2014-02-17,38.0
2014-02-18,66.0
2014-02-19,73.0
2014-02-20,57.0
2014-02-21,86.0
2014-02-22,42.0
2014-02-23,44.0
2014-02-24,40.0
2014-02-25,43.0
2014-02-26,45.0
2014-02-27,37.0
2014-02-28,33.0
2014-03-01,43.0
2014-03-02,47.0
2014-03-03,46.0
2014-03-04,41.0
2014-03-05,38.0
2014-03-06,40.0
2014-03-07,67.0
2014-03-08,52.0
2014-03-09,38.0
2014-03-10,45.0
2014-03-11,40.0
2014-03-12,74.0
2014-03-13,43.0
2014-03-14,40.0
2014-03-15,36.0
2014-03-16,34.0
2014-03-17,36.0
2014-03-18,44.0
2014-03-19,76.0
2014-03-20,54.0
2014-03-21,37.0
2014-03-22,42.0
2014-03-23,40.0
2014-03-24,35.0
2014-03-25,38.0
2014-03-26,39.0
2014-03-27,40.0
2014-03-28,68.0
2014-03-29,82.0
2014-03-30,85.0
2014-03-31,59.0
2014-04-01,49.0
2014-04-02,72.0
2014-04-03,47.0
2014-04-04,76.0
2014-04-05,54.0
2014-04-06,39.0
2014-04-07,68.0
2014-04-08,64.0
2014-04-09,39.0
2014-04-10,34.0
2014-04-11,49.0
2014-04-12,48.0
2014-04-13,60.0
2014-04-14,68.0
2014-04-15,86.0
2014-04-16,42.0
2014-04-17,53.0
2014-04-18,62.0
2014-04-19,40.0
2014-04-20,44.0
2014-04-21,52.0
2014-04-22,60.0
2014-04-23,52.0
2014-04-24,27.0
2014-04-25,37.0
2014-04-26,71.0
2014-04-27,49.0
2014-04-28,46.0
2014-04-29,67.0
2014-04-30,86.0
2014-05-01,72.0
2014-05-02,41.0
2014-05-03,46.0
2014-05-04,41.0
2014-05-05,37.0
2014-05-06,33.0
2014-05-07,35.0
2014-05-08,87.0
2014-05-09,89.0
2014-05-10,73.0
2014-05-11,36.0
2014-05-12,48.0
2014-05-13,56.0
2014-05-14,75.0
2014-05-15,87.0
2014-05-16,87.0
2014-05-17,47.0
2014-05-18,41.0
2014-05-19,36.0
2014-05-20,34.0
2014-05-21,46.0
2014-05-22,83.0
2014-05-23,83.0
2014-05-24,76.0
2014-05-25,55.0
2014-05-26,33.0
2014-05-27,46.0
2014-05-28,76.0
2014-05-29,59.0
2014-05-30,52.0
2014-05-31,55.0
2014-06-01,37.0
2014-06-02,42.0
2014-06-03,60.0
2014-06-04,72.0
2014-06-05,68.0
2014-06-06,49.0
2014-06-07,47.0
2014-06-08,44.0
2014-06-09,84.0
2014-06-10,85.0
2014-06-11,76.0
2014-06-12,87.0
2014-06-13,89.0
2014-06-14,61.0
2014-06-15,52.0
2014-06-16,58.0
2014-06-17,58.0
2014-06-18,48.0
2014-06-19,68.0
2014-06-20,37.0
2014-06-21,51.0
2014-06-22,60.0
2014-06-23,57.0
2014-06-24,62.0
2014-06-25,77.0
2014-06-26,68.0
2014-06-27,61.0
2014-06-28,49.0
2014-06-29,51.0
2014-06-30,64.0
2014-07-01,64.0
2014-07-02,72.0
2014-07-03,77.0
2014-07-04,74.0
2014-07-05,43.0
2014-07-06,42.0
2014-07-07,50.0
2014-07-08,60.0
2014-07-09,59.0
2014-07-10,61.0
2014-07-11,56.0
2014-07-12,60.0
2014-07-13,76.0
2014-07-14,80.0
2014-07-15,85.0
2014-07-16,62.0
2014-07-17,51.0
2014-07-18,46.0
2014-07-19,66.0
2014-07-20,67.0
2014-07-21,64.0
2014-07-22,59.0
2014-07-23,66.0
2014-07-24,60.0
2014-07-25,51.0
2014-07-26,61.0
2014-07-27,69.0
2014-07-28,65.0
2014-07-29,53.0
2014-07-30,49.0
2014-07-31,57.0
2014-08-01,68.0
2014-08-02,78.0
2014-08-03,77.0
2014-08-04,69.0
2014-08-05,57.0
2014-08-06,57.0
2014-08-07,47.0
2014-08-08,48.0
2014-08-09,47.0
2014-08-10,48.0
2014-08-11,52.0
2014-08-12,73.0
2014-08-13,76.0
2014-08-14,49.0
2014-08-15,49.0
2014-08-16,50.0
2014-08-17,54.0
2014-08-18,53.0
2014-08-19,66.0
2014-08-20,60.0
2014-08-21,63.0
2014-08-22,73.0
2014-08-23,69.0
2014-08-24,63.0
2014-08-25,52.0
2014-08-26,65.0
2014-08-27,57.0
2014-08-28,51.0
2014-08-29,52.0
2014-08-30,64.0
2014-08-31,74.0
2014-09-01,72.0
2014-09-02,59.0
2014-09-03,51.0
2014-09-04,55.0
2014-09-05,75.0
2014-09-06,71.0
2014-09-07,56.0
2014-09-08,61.0
2014-09-09,72.0
2014-09-10,72.0
2014-09-11,68.0
2014-09-12,57.0
2014-09-13,75.0
2014-09-14,56.0
2014-09-15,53.0
2014-09-16,73.0
2014-09-17,52.0
2014-09-18,51.0
2014-09-19,60.0
2014-09-20,69.0
2014-09-21,85.0
2014-09-22,55.0
2014-09-23,52.0
2014-09-24,67.0
2014-09-25,79.0
2014-09-26,56.0
2014-09-27,56.0
2014-09-28,64.0
2014-09-29,62.0
2014-09-30,78.0
2014-10-01,83.0
2014-10-02,74.0
2014-10-03,69.0
2014-10-04,74.0
2014-10-05,48.0
2014-10-06,56.0
2014-10-07,65.0
2014-10-08,53.0
2014-10-09,38.0
2014-10-10,45.0
2014-10-11,79.0
2014-10-12,56.0
2014-10-13,75.0
2014-10-14,79.0
2014-10-15,81.0
2014-10-16,78.0
2014-10-17,60.0
2014-10-18,62.0
2014-10-19,53.0
2014-10-20,50.0
2014-10-21,67.0
2014-10-22,84.0
2014-10-23,81.0
2014-10-24,64.0
2014-10-25,49.0
2014-10-26,49.0
2014-10-27,47.0
2014-10-28,64.0
2014-10-29,69.0
2014-10-30,61.0
2014-10-31,65.0
2014-11-01,74.0
2014-11-02,53.0
2014-11-03,36.0
2014-11-04,27.0
2014-11-05,41.0
2014-11-06,85.0
2014-11-07,62.0
2014-11-08,50.0
2014-11-09,52.0
2014-11-10,57.0
2014-11-11,83.0
2014-11-12,78.0
2014-11-13,63.0
2014-11-14,56.0
2014-11-15,48.0
2014-11-16,50.0
2014-11-17,88.0
2014-11-18,39.0
2014-11-19,41.0
2014-11-20,41.0
2014-11-21,43.0
2014-11-22,39.0
2014-11-23,50.0
2014-11-24,84.0
2014-11-25,44.0
2014-11-26,79.0
2014-11-27,76.0
2014-11-28,57.0
2014-11-29,50.0
2014-11-30,54.0
2014-12-01,63.0
2014-12-02,69.0
2014-12-03,83.0
2014-12-04,48.0
2014-12-05,76.0
2014-12-06,92.0
2014-12-07,49.0
2014-12-08,66.0
2014-12-09,86.0
2014-12-10,82.0
2014-12-11,62.0
2014-12-12,62.0
2014-12-13,64.0
2014-12-14,66.0
2014-12-15,66.0
2014-12-16,85.0
2014-12-17,72.0
2014-12-18,58.0
2014-12-19,60.0
2014-12-20,64.0
2014-12-21,76.0
2014-12-22,85.0
2014-12-23,94.0
2014-12-24,97.0
2014-12-25,57.0
2014-12-26,53.0
2014-12-27,56.0
2014-12-28,69.0
2014-12-29,49.0
2014-12-30,51.0
2014-12-31,43.0
2015-01-01,38.0
2015-01-01,38.0
2015-01-02,43.0
2015-01-03,77.0
2015-01-04,87.0
2015-01-05,40.0
2015-01-06,63.0
2015-01-07,51.0
2015-01-08,46.0
2015-01-09,50.0
2015-01-10,42.0
2015-01-11,38.0
2015-01-12,77.0
2015-01-13,58.0
2015-01-14,67.0
2015-01-15,58.0
2015-01-16,47.0
2015-01-17,49.0
2015-01-18,88.0
2015-01-19,59.0
2015-01-20,51.0
2015-01-21,43.0
2015-01-22,59.0
2015-01-23,55.0
2015-01-24,83.0
2015-01-25,50.0
2015-01-26,76.0
2015-01-27,73.0
2015-01-28,45.0
2015-01-29,57.0
2015-01-30,66.0
2015-01-31,48.0
2015-03-01,63.0
2015-03-02,57.0
2015-03-03,63.0
2015-03-04,82.0
2015-03-05,77.0
2015-03-06,48.0
2015-03-07,46.0
2015-03-08,50.0
2015-03-09,46.0
2015-03-10,74.0
2015-03-11,60.0
2015-03-12,26.0
2015-03-13,42.0
2015-03-14,86.0
2015-03-15,58.0
2015-03-16,57.0
2015-03-17,52.0
2015-03-18,42.0
2015-03-19,32.0
2015-03-20,65.0
2015-03-21,70.0
2015-03-22,40.0
2015-03-23,38.0
2015-03-24,39.0
2015-03-25,65.0
2015-03-26,88.0
2015-03-27,67.0
2015-03-28,60.0
2015-03-29,34.0
2015-03-30,50.0
2015-03-31,67.0
2015-04-01,43.0
2015-04-02,39.0
2015-04-03,71.0
2015-04-04,46.0
2015-04-05,39.0
2015-04-06,67.0
2015-04-07,77.0
2015-04-08,70.0
2015-04-09,85.0
2015-04-10,86.0
2015-04-11,43.0
2015-04-12,45.0
2015-04-13,50.0
2015-04-14,53.0
2015-04-15,24.0
2015-04-16,41.0
2015-04-17,67.0
2015-04-18,40.0
2015-04-19,45.0
2015-04-20,91.0
2015-04-21,51.0
2015-04-22,49.0
2015-04-23,45.0
2015-04-24,42.0
2015-04-25,43.0
2015-04-26,42.0
2015-04-27,46.0
2015-04-28,42.0
2015-04-29,49.0
2015-04-30,60.0
2015-05-01,64.0
2015-05-02,60.0
2015-05-03,46.0
2015-05-04,45.0
2015-05-05,49.0
2015-05-06,46.0
2015-05-07,56.0
2015-05-08,68.0
2015-05-09,89.0
2015-05-10,74.0
2015-05-11,75.0
2015-05-12,55.0
2015-05-13,46.0
2015-05-14,38.0
2015-05-15,42.0
2015-05-16,72.0
2015-05-17,73.0
2015-05-18,82.0
2015-05-19,78.0
2015-05-20,49.0
2015-05-21,51.0
2015-05-22,42.0
2015-05-23,38.0
2015-05-24,44.0
2015-05-25,53.0
2015-05-26,55.0
2015-05-27,70.0
2015-05-28,66.0
2015-05-29,58.0
2015-05-30,66.0
2015-05-31,73.0
2015-06-01,92.0
2015-06-02,87.0
2015-06-03,69.0
2015-06-04,69.0
2015-06-05,72.0
2015-06-06,59.0
2015-06-07,48.0
2015-06-08,69.0
2015-06-09,66.0
2015-06-10,54.0
2015-06-11,53.0
2015-06-12,59.0
2015-06-13,52.0
2015-06-14,57.0
2015-06-15,88.0
2015-06-16,77.0
2015-06-17,62.0
2015-06-18,74.0
2015-06-19,64.0
2015-06-20,78.0
2015-06-21,71.0
2015-06-22,49.0
2015-06-23,61.0
2015-06-24,47.0
2015-06-25,43.0
2015-06-26,57.0
2015-06-27,70.0
2015-06-28,79.0
2015-06-29,54.0
2015-06-30,61.0
2015-07-01,62.0
2015-07-02,58.0
2015-07-03,51.0
2015-07-04,63.0
2015-07-05,61.0
2015-07-06,67.0
2015-07-07,69.0
2015-07-08,69.0
2015-07-09,75.0
2015-07-10,56.0
2015-07-11,46.0
2015-07-12,48.0
2015-07-13,54.0
2015-07-14,77.0
2015-07-15,73.0
2015-07-16,48.0
2015-07-17,60.0
2015-07-18,72.0
2015-07-19,58.0
2015-07-20,51.0
2015-07-21,51.0
2015-07-22,41.0
2015-07-23,40.0
2015-07-24,39.0
2015-07-25,52.0
2015-07-26,52.0
2015-07-27,62.0
2015-07-28,54.0
2015-07-29,52.0
2015-07-30,76.0
2015-07-31,44.0
2015-08-01,42.0
2015-08-02,46.0
2015-08-03,45.0
2015-08-04,48.0
2015-08-05,47.0
2015-08-06,45.0
2015-08-07,54.0
2015-08-08,55.0
2015-08-09,56.0
2015-08-10,61.0
2015-08-11,75.0
2015-08-12,54.0
2015-08-13,46.0
2015-08-14,44.0
2015-08-15,50.0
2015-08-16,54.0
2015-08-17,52.0
2015-08-18,62.0
2015-08-19,71.0
2015-08-20,69.0
2015-08-21,62.0
2015-08-22,45.0
2015-08-23,69.0
2015-08-24,61.0
2015-08-25,57.0
2015-08-26,46.0
2015-08-27,51.0
2015-08-28,49.0
2015-08-29,49.0
2015-08-30,59.0
2015-08-31,53.0
2015-09-01,60.0
2015-09-02,62.0
2015-09-03,53.0
2015-09-04,65.0
2015-09-05,60.0
2015-09-06,56.0
2015-09-07,60.0
2015-09-08,55.0
2015-09-09,71.0
2015-09-10,87.0
2015-09-11,66.0
2015-09-12,74.0
2015-09-13,64.0
2015-09-14,48.0
2015-09-15,45.0
2015-09-16,49.0
2015-09-17,48.0
2015-09-18,54.0
2015-09-19,71.0
2015-09-20,54.0
2015-09-21,48.0
2015-09-22,56.0
2015-09-23,55.0
2015-09-24,53.0
2015-09-25,59.0
2015-09-26,58.0
2015-09-27,72.0
2015-09-28,77.0
2015-09-29,80.0
2015-09-30,79.0
2015-10-01,72.0
2015-10-02,79.0
2015-10-03,81.0
2015-10-04,62.0
2015-10-05,65.0
2015-10-06,57.0
2015-10-07,62.0
2015-10-08,66.0
2015-10-09,74.0
2015-10-10,51.0
2015-10-11,55.0
2015-10-12,59.0
2015-10-13,65.0
2015-10-14,53.0
2015-10-15,50.0
2015-10-16,51.0
2015-10-17,47.0
2015-10-18,49.0
2015-10-19,46.0
2015-10-20,42.0
2015-10-21,50.0
2015-10-22,51.0
2015-10-23,47.0
2015-10-24,65.0
2015-10-25,64.0
2015-10-26,50.0
2015-10-27,62.0
2015-10-28,83.0
2015-10-29,54.0
2015-10-30,44.0
2015-10-31,54.0
2015-11-01,65.0
2015-11-02,56.0
2015-11-03,57.0
2015-11-04,70.0
2015-11-05,85.0
2015-11-06,77.0
2015-11-07,51.0
2015-11-08,46.0
2015-11-09,52.0
2015-11-10,83.0
2015-11-11,80.0
2015-11-12,80.0
2015-11-13,39.0
2015-11-14,46.0
2015-11-15,45.0
2015-11-16,43.0
2015-11-17,59.0
2015-11-18,66.0
2015-11-19,84.0
2015-11-20,45.0
2015-11-21,54.0
2015-11-22,53.0
2015-11-23,44.0
2015-11-24,45.0
2015-11-25,55.0
2015-11-26,78.0
2015-11-27,71.0
2015-11-28,72.0
2015-11-29,56.0
2015-11-30,66.0
2015-12-01,85.0
2015-12-02,92.0
2015-12-03,56.0
2015-12-04,53.0
2015-12-05,56.0
2015-12-06,59.0
2015-12-07,54.0
2015-12-08,63.0
2015-12-09,71.0
2015-12-10,69.0
2015-12-11,70.0
2015-12-12,66.0
2015-12-13,75.0
2015-12-14,90.0
2015-12-15,53.0
2015-12-16,64.0
2015-12-17,89.0
2015-12-18,65.0
2015-12-19,42.0
2015-12-20,44.0
2015-12-21,55.0
2015-12-22,82.0
2015-12-23,93.0
2015-12-24,80.0
2015-12-25,84.0
2015-12-26,56.0
2015-12-27,84.0
2015-12-28,57.0
2015-12-29,88.0
2015-12-30,88.0
2015-12-31,69.0
2016-01-01,53.0
2016-01-02,49.0
2016-01-03,49.0
2016-01-04,53.0
2016-01-05,46.0
2016-01-06,33.0
2016-01-07,37.0
2016-01-08,63.0
2016-01-09,82.0
2016-01-10,79.0
2016-01-11,37.0
2016-01-12,47.0
2016-01-13,42.0
2016-01-14,48.0
2016-01-15,71.0
2016-01-16,70.0
2016-01-17,64.0
2016-01-18,46.0
2016-01-19,46.0
2016-01-20,51.0
2016-01-21,48.0
2016-01-22,45.0
2016-01-23,85.0
2016-01-24,48.0
2016-01-25,57.0
2016-01-26,63.0
2016-01-27,50.0
2016-01-28,51.0
2016-01-29,54.0
2016-01-30,50.0
2016-01-31,58.0
2016-02-01,56.0
2016-02-02,51.0
2016-02-03,83.0
2016-02-04,64.0
2016-02-05,65.0
2016-02-06,49.0
2016-02-07,57.0
2016-02-08,72.0
2016-02-09,72.0
2016-02-10,62.0
2016-02-11,41.0
2016-02-12,40.0
2016-02-13,47.0
2016-02-14,39.0
2016-02-15,64.0
2016-02-16,80.0
2016-02-17,60.0
2016-02-18,40.0
2016-02-19,52.0
2016-02-20,48.0
2016-02-21,52.0
2016-02-22,52.0
2016-02-23,79.0
2016-02-24,92.0
2016-02-25,71.0
2016-02-26,41.0
2016-02-27,42.0
2016-02-28,42.0
2016-02-29,51.0
2016-03-01,51.0
2016-03-02,50.0
2016-03-03,41.0
2016-03-04,67.0
2016-03-05,43.0
2016-03-06,39.0
2016-03-07,52.0
2016-03-08,59.0
2016-03-09,54.0
2016-03-10,45.0
2016-03-11,57.0
2016-03-12,53.0
2016-03-13,45.0
2016-03-14,78.0
2016-03-15,77.0
2016-03-16,70.0
2016-03-17,59.0
2016-03-18,38.0
2016-03-19,34.0
2016-03-20,54.0
2016-03-21,52.0
2016-03-22,40.0
2016-03-23,40.0
2016-03-24,72.0
2016-03-25,66.0
2016-03-26,60.0
2016-03-27,66.0
2016-03-28,69.0
2016-03-29,36.0
2016-03-30,38.0
2016-03-31,60.0
2016-04-01,72.0
2016-04-02,72.0
2016-04-03,42.0
2016-04-04,70.0
2016-04-05,38.0
2016-04-06,45.0
2016-04-07,71.0
2016-04-08,46.0
2016-04-09,60.0
2016-04-10,43.0
2016-04-11,64.0
2016-04-12,59.0
2016-04-13,46.0
2016-04-14,49.0
2016-04-15,49.0
2016-04-16,43.0
2016-04-17,42.0
2016-04-18,34.0
2016-04-19,31.0
2016-04-20,30.0
2016-04-21,42.0
2016-04-22,56.0
2016-04-23,59.0
2016-04-24,34.0
2016-04-25,54.0
2016-04-26,82.0
2016-04-27,63.0
2016-04-28,46.0
2016-04-29,51.0
2016-04-30,55.0
2016-05-01,75.0
2016-05-02,80.0
2016-05-03,93.0
2016-05-04,88.0
2016-05-05,78.0
2016-05-06,93.0
2016-05-07,91.0
2016-05-08,63.0
2016-05-09,31.0
2016-05-10,36.0
2016-05-11,47.0
2016-05-12,54.0
2016-05-13,88.0
2016-05-14,63.0
2016-05-15,51.0
2016-05-16,37.0
2016-05-17,55.0
2016-05-18,53.0
2016-05-19,57.0
2016-05-20,46.0
2016-05-21,73.0
2016-05-22,73.0
2016-05-23,68.0
2016-05-24,79.0
2016-05-25,42.0
2016-05-26,48.0
2016-05-27,71.0
2016-05-28,61.0
2016-05-29,69.0
2016-05-30,91.0
2016-05-31,69.0
2016-06-01,56.0
2016-06-02,76.0
2016-06-03,81.0
2016-06-04,73.0
2016-06-05,85.0
2016-06-06,54.0
2016-06-07,50.0
2016-06-08,60.0
2016-06-09,41.0
2016-06-10,35.0
2016-06-11,50.0
2016-06-12,43.0
2016-06-13,53.0
2016-06-14,44.0
2016-06-15,42.0
2016-06-16,68.0
2016-06-17,57.0
2016-06-18,45.0
2016-06-19,54.0
2016-06-20,62.0
2016-06-21,43.0
2016-06-22,41.0
2016-06-23,65.0
2016-06-24,56.0
2016-06-25,58.0
2016-06-26,49.0
2016-06-27,66.0
2016-06-28,87.0
2016-06-29,61.0
2016-06-30,51.0
2016-07-01,73.0
2016-07-02,50.0
2016-07-03,47.0
2016-07-04,61.0
2016-07-05,70.0
2016-07-06,55.0
2016-07-07,68.0
2016-07-08,77.0
2016-07-09,82.0
2016-07-10,68.0
2016-07-11,60.0
2016-07-12,64.0
2016-07-13,68.0
2016-07-14,75.0
2016-07-15,53.0
2016-07-16,56.0
2016-07-17,53.0
2016-07-18,57.0
2016-07-19,44.0
2016-07-20,45.0
2016-07-21,53.0
2016-07-22,55.0
2016-07-23,39.0
2016-07-24,49.0
2016-07-25,70.0
2016-07-26,56.0
2016-07-27,51.0
2016-07-28,61.0
2016-07-29,75.0
2016-07-30,81.0
2016-07-31,83.0
2016-08-01,76.0
2016-08-02,67.0
2016-08-03,62.0
2016-08-04,61.0
2016-08-05,56.0
2016-08-06,64.0
2016-08-07,46.0
2016-08-08,55.0
2016-08-09,57.0
2016-08-10,74.0
2016-08-11,66.0
2016-08-12,65.0
2016-08-13,63.0
2016-08-14,58.0
2016-08-15,62.0
2016-08-16,68.0
2016-08-17,59.0
2016-08-18,64.0
2016-08-19,63.0
2016-08-20,76.0
2016-08-21,74.0
2016-08-22,54.0
2016-08-23,46.0
2016-08-24,53.0
2016-08-25,64.0
2016-08-26,60.0
2016-08-27,49.0
2016-08-28,60.0
2016-08-29,50.0
2016-08-30,60.0
2016-08-31,63.0
2016-09-01,74.0
2016-09-02,51.0
2016-09-03,66.0
2016-09-04,54.0
2016-09-05,48.0
2016-09-06,63.0
2016-09-07,73.0
2016-09-08,68.0
2016-09-09,60.0
2016-09-10,74.0
2016-09-11,53.0
2016-09-12,55.0
2016-09-13,59.0
2016-09-14,58.0
2016-09-15,50.0
2016-09-16,59.0
2016-09-17,66.0
2016-09-18,76.0
2016-09-19,85.0
2016-09-20,74.0
2016-09-21,52.0
2016-09-22,45.0
2016-09-23,53.0
2016-09-24,58.0
2016-09-25,40.0
2016-09-26,54.0
2016-09-27,71.0
2016-09-28,78.0
2016-09-29,72.0
2016-09-30,83.0
2016-10-01,85.0
2016-10-02,85.0
2016-10-03,73.0
2016-10-04,69.0
2016-10-05,65.0
2016-10-06,68.0
2016-10-07,70.0
2016-10-08,86.0
2016-10-09,69.0
2016-10-10,44.0
2016-10-11,59.0
2016-10-12,69.0
2016-10-13,72.0
2016-10-14,48.0
2016-10-15,58.0
2016-10-16,67.0
2016-10-17,61.0
2016-10-18,67.0
2016-10-19,55.0
2016-10-20,73.0
2016-10-21,89.0
2016-10-22,69.0
2016-10-23,44.0
2016-10-24,56.0
2016-10-25,49.0
2016-10-26,47.0
2016-10-27,76.0
2016-10-28,65.0
2016-10-29,55.0
2016-10-30,69.0
2016-10-31,53.0
2016-11-01,66.0
2016-11-02,66.0
2016-11-03,64.0
2016-11-04,46.0
2016-11-05,51.0
2016-11-06,48.0
2016-11-07,44.0
2016-11-08,41.0
2016-11-09,66.0
2016-11-10,48.0
2016-11-11,42.0
2016-11-12,38.0
2016-11-13,32.0
2016-11-14,26.0
2016-11-15,81.0
2016-11-16,52.0
2016-11-17,57.0
2016-11-18,56.0
2016-11-19,75.0
2016-11-20,58.0
2016-11-21,43.0
2016-11-22,51.0
2016-11-23,50.0
2016-11-24,71.0
2016-11-25,77.0
2016-11-26,68.0
2016-11-27,55.0
2016-11-28,57.0
2016-11-29,83.0
2016-12-01,60.0
2016-12-02,49.0
2016-12-03,51.0
2016-12-04,46.0
2016-12-05,67.0
2016-12-06,63.0
2016-12-07,77.0
2016-12-08,46.0
2016-12-09,46.0
2016-12-10,53.0
2016-12-11,59.0
2016-12-12,76.0
2016-12-13,49.0
2016-12-14,44.0
2016-12-15,35.0
2016-12-16,44.0
2016-12-17,83.0
2016-12-18,73.0
2016-12-19,42.0
2016-12-20,41.0
2016-12-21,46.0
2016-12-22,51.0
2016-12-23,47.0
2016-12-24,70.0
2016-12-25,56.0
2016-12-26,74.0
2016-12-27,63.0
2016-12-28,53.0
2016-12-29,70.0
2016-12-30,55.0
2016-12-31,46.0
2017-01-01,46.0
2017-01-02,78.0
2017-01-03,90.0
2017-01-04,59.0
2017-01-05,39.0
2017-01-06,56.0
2017-01-07,60.0
2017-01-08,51.0
2017-01-09,51.0
2017-01-10,66.0
2017-01-11,73.0
2017-01-12,71.0
2017-01-13,51.0
2017-01-14,64.0
2017-01-15,58.0
2017-01-16,50.0
2017-01-17,75.0
2017-01-18,84.0
2017-01-19,68.0
2017-01-20,73.0
2017-01-21,84.0
2017-01-22,86.0
2017-01-23,75.0
2017-01-24,84.0
2017-01-25,58.0
2017-01-26,55.0
2017-01-27,47.0
2017-01-28,48.0
2017-01-29,42.0
2017-01-30,42.0
2017-01-31,64.0
2017-02-01,53.0
2017-02-02,46.0
2017-02-03,42.0
2017-02-04,37.0
2017-02-05,42.0
2017-02-06,50.0
2017-02-07,84.0
2017-02-08,66.0
2017-02-09,56.0
2017-02-10,48.0
2017-02-11,58.0
2017-02-12,82.0
2017-02-13,55.0
2017-02-14,56.0
2017-02-15,67.0
2017-02-16,50.0
2017-02-17,44.0
2017-02-18,38.0
2017-02-19,38.0
2017-02-20,40.0
2017-02-21,51.0
2017-02-22,65.0
2017-02-23,76.0
2017-02-24,73.0
2017-02-25,82.0
2017-02-26,40.0
2017-02-27,42.0
2017-03-01,75.0
2017-03-02,34.0
2017-03-03,38.0
2017-03-04,39.0
2017-03-05,27.0
2017-03-06,36.0
2017-03-07,76.0
2017-03-08,44.0
2017-03-09,23.0
2017-03-10,45.0
2017-03-11,43.0
2017-03-12,39.0
2017-03-13,43.0
2017-03-14,75.0
2017-03-15,53.0
2017-03-16,40.0
2017-03-17,37.0
2017-03-18,71.0
2017-03-19,47.0
2017-03-20,33.0
2017-03-21,38.0
2017-03-22,33.0
2017-03-23,32.0
2017-03-24,44.0
2017-03-25,60.0
2017-03-26,77.0
2017-03-27,87.0
2017-03-28,88.0
2017-03-29,52.0
2017-03-30,45.0
2017-03-31,83.0
2017-04-01,69.0
2017-04-02,42.0
2017-04-03,44.0
2017-04-04,86.0
2017-04-05,73.0
2017-04-06,81.0
2017-04-07,54.0
2017-04-08,37.0
2017-04-09,35.0
2017-04-10,43.0
2017-04-11,53.0
2017-04-12,60.0
2017-04-13,37.0
2017-04-14,36.0
2017-04-15,56.0
2017-04-16,52.0
2017-04-17,39.0
2017-04-18,47.0
2017-04-19,67.0
2017-04-20,76.0
2017-04-21,89.0
2017-04-22,78.0
2017-04-23,55.0
2017-04-24,72.0
2017-04-25,88.0
2017-04-26,90.0
2017-04-27,83.0
2017-04-28,61.0
2017-04-29,57.0
2017-04-30,50.0
2017-05-01,80.0
2017-05-02,47.0
2017-05-03,36.0
2017-05-04,46.0
2017-05-05,85.0
2017-05-06,73.0
2017-05-07,57.0
2017-05-08,42.0
2017-05-09,51.0
2017-05-10,51.0
2017-05-11,47.0
2017-05-12,60.0
2017-05-13,82.0
2017-05-14,58.0
2017-05-15,49.0
2017-05-16,40.0
2017-05-17,42.0
2017-05-18,41.0
2017-05-19,43.0
2017-05-20,48.0
2017-05-21,42.0
2017-05-22,84.0
2017-05-23,60.0
2017-05-24,67.0
2017-05-25,93.0
2017-05-26,66.0
2017-05-27,65.0
2017-05-28,69.0
2017-05-29,84.0
2017-05-30,84.0
2017-05-31,81.0
2017-06-01,53.0
2017-06-02,38.0
2017-06-03,42.0
2017-06-04,58.0
2017-06-05,89.0
2017-06-06,83.0
2017-06-07,61.0
2017-06-08,62.0
2017-06-09,44.0
2017-06-10,44.0
2017-06-11,42.0
2017-06-12,40.0
2017-06-13,43.0
2017-06-14,54.0
2017-06-15,54.0
2017-06-16,87.0
2017-06-17,92.0
2017-06-18,81.0
2017-06-19,78.0
2017-06-20,51.0
2017-06-21,47.0
2017-06-22,57.0
2017-06-23,75.0
2017-06-24,61.0
2017-06-25,53.0
2017-06-26,50.0
2017-06-27,61.0
2017-06-28,48.0
2017-06-29,61.0
2017-06-30,61.0
2017-07-01,81.0
2017-07-02,59.0
2017-07-03,55.0
2017-07-04,54.0
2017-07-05,58.0
2017-07-06,64.0
2017-07-07,88.0
2017-07-08,66.0
2017-07-09,51.0
2017-07-10,55.0
2017-07-11,68.0
2017-07-12,64.0
2017-07-13,68.0
2017-07-14,96.0
2017-07-15,73.0
2017-07-16,63.0
2017-07-17,71.0
2017-07-18,70.0
2017-07-19,59.0
2017-07-20,60.0
2017-07-21,57.0
2017-07-22,63.0
2017-07-23,81.0
2017-07-24,86.0
2017-07-25,81.0
2017-07-26,63.0
2017-07-27,79.0
2017-07-28,76.0
2017-07-29,59.0
2017-07-30,51.0
2017-07-31,52.0
2017-08-01,60.0
2017-08-02,76.0
2017-08-03,74.0
2017-08-04,79.0
2017-08-05,69.0
2017-08-06,53.0
2017-08-07,84.0
2017-08-08,70.0
2017-08-09,55.0
2017-08-10,59.0
2017-08-11,62.0
2017-08-12,85.0
2017-08-13,64.0
2017-08-14,71.0
2017-08-15,92.0
2017-08-16,66.0
2017-08-17,68.0
2017-08-18,90.0
2017-08-19,62.0
2017-08-20,58.0
2017-08-21,61.0
2017-08-22,78.0
2017-08-23,58.0
2017-08-24,50.0
2017-08-25,55.0
2017-08-26,51.0
2017-08-27,55.0
2017-08-28,62.0
2017-08-29,83.0
2017-08-30,60.0
2017-08-31,58.0
2017-09-01,47.0
2017-09-02,68.0
2017-09-03,86.0
2017-09-04,58.0
2017-09-05,72.0
2017-09-06,88.0
2017-09-07,66.0
2017-09-08,55.0
2017-09-09,62.0
2017-09-10,58.0
2017-09-11,52.0
2017-09-12,57.0
2017-09-13,69.0
2017-09-14,74.0
2017-09-15,70.0
2017-09-16,86.0
2017-09-17,83.0
2017-09-18,87.0
2017-09-19,81.0
2017-09-20,72.0
2017-09-21,68.0
2017-09-22,50.0
2017-09-23,47.0
2017-09-24,58.0
2017-09-25,71.0
2017-09-26,81.0
2017-09-27,86.0
2017-09-28,60.0
2017-09-29,49.0
2017-09-30,71.0
2017-10-01,56.0
2017-10-02,51.0
2017-10-03,62.0
2017-10-04,66.0
2017-10-05,62.0
2017-10-06,71.0
2017-10-07,82.0
2017-10-08,88.0
2017-10-09,92.0
2017-10-10,63.0
2017-10-11,70.0
2017-10-12,66.0
2017-10-13,74.0
2017-10-14,83.0
2017-10-15,80.0
2017-10-16,58.0
2017-10-17,49.0
2017-10-18,50.0
2017-10-19,47.0
2017-10-20,38.0
2017-10-21,44.0
2017-10-22,58.0
2017-10-23,79.0
2017-10-24,86.0
2017-10-25,60.0
2017-10-26,56.0
2017-10-27,51.0
2017-10-28,71.0
2017-10-29,91.0
2017-10-30,59.0
2017-10-31,43.0
2017-11-01,57.0
2017-11-02,82.0
2017-11-03,71.0
2017-11-04,58.0
2017-11-05,88.0
2017-11-06,80.0
2017-11-07,71.0
2017-11-08,73.0
2017-11-09,70.0
2017-11-10,50.0
2017-11-11,44.0
2017-11-12,49.0
2017-11-13,67.0
2017-11-14,69.0
2017-11-15,64.0
2017-11-16,67.0
2017-11-17,45.0
2017-11-18,61.0
2017-11-19,61.0
2017-11-20,47.0
2017-11-21,51.0
2017-11-22,67.0
2017-11-23,48.0
2017-11-24,46.0
2017-11-25,51.0
2017-11-26,50.0
2017-11-27,45.0
2017-11-28,62.0
2017-11-29,52.0
2017-11-30,65.0
2017-12-01,60.0
2017-12-02,59.0
2017-12-03,74.0
2017-12-04,74.0
2017-12-05,82.0
2017-12-06,44.0
2017-12-07,41.0
2017-12-08,44.0
2017-12-09,73.0
2017-12-10,58.0
2017-12-11,51.0
2017-12-12,65.0
2017-12-13,42.0
2017-12-14,64.0
2017-12-15,62.0
2017-12-16,58.0
2017-12-17,61.0
2017-12-18,70.0
2017-12-19,55.0
2017-12-20,42.0
2017-12-21,45.0
2017-12-22,65.0
2017-12-23,90.0
2017-12-24,66.0
2017-12-25,58.0
2017-12-26,36.0
2017-12-27,45.0
2017-12-28,49.0
2017-12-29,54.0
2017-12-30,65.0
2017-12-31,55.0
2018-01-01,53.0
2018-01-02,50.0
2018-01-03,41.0
2018-01-04,71.0
2018-01-05,47.0
2018-01-06,46.0
2018-01-07,50.0
2018-01-08,57.0
2018-01-09,57.0
2018-01-10,66.0
2018-01-11,82.0
2018-01-12,98.0
2018-01-13,69.0
2018-01-14,47.0
2018-01-15,65.0
2018-01-16,79.0
2018-01-17,81.0
2018-01-18,52.0
2018-01-19,45.0
2018-01-20,42.0
2018-01-21,53.0
2018-01-22,85.0
2018-01-23,78.0
2018-01-24,51.0
2018-01-25,39.0
2018-01-26,40.0
2018-01-27,60.0
2018-01-28,75.0
2018-01-29,61.0
2018-01-30,70.0
2018-01-31,44.0
2018-02-01,58.0
2018-02-02,54.0
2018-02-03,41.0
2018-02-04,66.0
2018-02-05,54.0
2018-02-06,49.0
2018-02-07,77.0
2018-02-08,53.0
2018-02-09,55.0
2018-02-10,85.0
2018-02-11,96.0
2018-02-12,54.0
2018-02-13,52.0
2018-02-14,63.0
2018-02-15,78.0
2018-02-16,71.0
2018-02-17,63.0
2018-02-18,59.0
2018-02-19,78.0
2018-02-20,80.0
2018-02-21,73.0
2018-02-22,70.0
2018-02-23,86.0
2018-02-24,78.0
2018-02-25,89.0
2018-02-26,56.0
2018-02-27,40.0
2018-02-28,44.0
2018-03-01,59.0
2018-03-02,83.0
2018-03-03,59.0
2018-03-04,52.0
2018-03-05,56.0
2018-03-06,58.0
2018-03-07,89.0
2018-03-08,62.0
2018-03-09,52.0
2018-03-10,47.0
2018-03-11,46.0
2018-03-12,68.0
2018-03-13,69.0
2018-03-14,55.0
2018-03-15,47.0
2018-03-16,48.0
2018-03-17,36.0
2018-03-18,32.0
2018-03-19,35.0
2018-03-20,47.0
2018-03-21,77.0
2018-03-22,51.0
2018-03-23,44.0
2018-03-24,38.0
2018-03-25,53.0
2018-03-26,49.0
2018-03-27,50.0
2018-03-28,72.0
2018-03-29,84.0
2018-03-30,75.0
2018-03-31,37.0
2018-04-01,45.0
2018-04-02,73.0
2018-04-03,83.0
2018-04-04,66.0
2018-04-05,33.0
2018-04-06,55.0
2018-04-07,40.0
2018-04-08,40.0
2018-04-09,44.0
2018-04-10,54.0
2018-04-11,46.0
2018-04-12,52.0
2018-04-13,42.0
2018-04-14,63.0
2018-04-15,72.0
2018-04-16,78.0
2018-04-17,53.0
2018-04-18,44.0
2018-04-19,66.0
2018-04-20,46.0
2018-04-21,35.0
2018-04-22,31.0
2018-04-23,49.0
2018-04-24,60.0
2018-04-25,91.0
2018-04-26,54.0
2018-04-27,80.0
2018-04-28,73.0
2018-04-29,58.0
2018-04-30,55.0
2018-05-01,32.0
2018-05-02,21.0
2018-05-03,41.0
2018-05-04,55.0
2018-05-05,40.0
2018-05-06,67.0
2018-05-07,61.0
2018-05-08,62.0
2018-05-09,59.0
2018-05-10,78.0
2018-05-11,41.0
2018-05-12,78.0
2018-05-13,83.0
2018-05-14,80.0
2018-05-15,75.0
2018-05-16,87.0
2018-05-17,84.0
2018-05-18,54.0
2018-05-19,89.0
2018-05-20,70.0
2018-05-21,51.0
2018-05-22,69.0
2018-05-23,61.0
2018-05-24,36.0
2018-05-25,39.0
2018-05-26,55.0
2018-05-27,82.0
2018-05-28,76.0
2018-05-29,67.0
2018-05-30,81.0
2018-05-31,88.0
2018-06-01,84.0
2018-06-02,69.0
2018-06-03,69.0
2018-06-04,74.0
2018-06-05,52.0
2018-06-06,60.0
2018-06-07,68.0
2018-06-08,61.0
2018-06-09,50.0
2018-06-10,54.0
2018-06-11,55.0
2018-06-12,50.0
2018-06-13,74.0
2018-06-14,40.0
2018-06-15,49.0
2018-06-16,41.0
2018-06-17,42.0
2018-06-18,59.0
2018-06-19,49.0
2018-06-20,55.0
2018-06-21,64.0
2018-06-22,69.0
2018-06-23,78.0
2018-06-24,70.0
2018-06-25,49.0
2018-06-26,58.0
2018-06-27,67.0
2018-06-28,78.0
2018-06-29,51.0
2018-06-30,43.0
2018-07-01,50.0
2018-07-02,61.0
2018-07-03,73.0
2018-07-04,69.0
2018-07-05,67.0
2018-07-06,65.0
2018-07-07,44.0
2018-07-08,46.0
2018-07-09,45.0
2018-07-10,44.0
2018-07-11,57.0
2018-07-12,50.0
2018-07-13,52.0
2018-07-14,46.0
2018-07-15,70.0
2018-07-16,62.0
2018-07-17,76.0
2018-07-18,48.0
2018-07-19,47.0
2018-07-20,57.0
2018-07-21,65.0
2018-07-22,80.0
2018-07-23,77.0
2018-07-24,74.0
2018-07-25,84.0
2018-07-26,67.0
2018-07-27,68.0
2018-07-28,65.0
2018-07-29,55.0
2018-07-30,63.0
2018-07-31,64.0
2018-08-01,73.0
2018-08-02,67.0
2018-08-03,73.0
2018-08-04,70.0
2018-08-05,52.0
2018-08-06,55.0
2018-08-07,68.0
2018-08-08,64.0
2018-08-09,58.0
2018-08-10,52.0
2018-08-11,82.0
2018-08-12,82.0
2018-08-13,88.0
2018-08-14,75.0
2018-08-15,57.0
2018-08-16,53.0
2018-08-17,65.0
2018-08-18,72.0
2018-08-19,74.0
2018-08-20,72.0
2018-08-21,70.0
2018-08-22,65.0
2018-08-23,50.0
2018-08-24,49.0
2018-08-25,53.0
2018-08-26,59.0
2018-08-27,61.0
2018-08-28,54.0
2018-08-29,50.0
2018-08-30,57.0
2018-08-31,64.0
2018-09-01,66.0
2018-09-02,70.0
2018-09-03,69.0
2018-09-04,55.0
2018-09-05,68.0
2018-09-06,70.0
2018-09-07,77.0
2018-09-08,65.0
2018-09-09,74.0
2018-09-10,87.0
2018-09-11,89.0
2018-09-12,92.0
2018-09-13,83.0
2018-09-14,77.0
2018-09-15,72.0
2018-09-16,68.0
2018-09-17,79.0
2018-09-18,85.0
2018-09-19,73.0
2018-09-20,67.0
2018-09-21,70.0
2018-09-22,56.0
2018-09-23,66.0
2018-09-24,67.0
2018-09-25,85.0
2018-09-26,83.0
2018-09-27,58.0
2018-09-28,80.0
2018-09-29,62.0
2018-09-30,60.0
2018-10-01,73.0
2018-10-02,77.0
2018-10-03,69.0
2018-10-04,76.0
2018-10-05,65.0
2018-10-06,78.0
2018-10-07,77.0
2018-10-08,86.0
2018-10-09,80.0
2018-10-10,80.0
2018-10-11,87.0
2018-10-12,58.0
2018-10-13,59.0
2018-10-14,53.0
2018-10-15,78.0
2018-10-16,46.0
2018-10-17,47.0
2018-10-18,40.0
2018-10-19,45.0
2018-10-20,63.0
2018-10-21,53.0
2018-10-22,52.0
2018-10-23,56.0
2018-10-24,54.0
2018-10-25,53.0
2018-10-26,58.0
2018-10-27,89.0
2018-10-28,72.0
2018-10-29,65.0
2018-10-30,46.0
2018-10-31,59.0
2018-11-01,72.0
2018-11-02,86.0
2018-11-03,61.0
2018-11-04,51.0
2018-11-05,81.0
2018-11-06,91.0
2018-11-07,46.0
2018-11-08,46.0
2018-11-09,69.0
2018-11-10,51.0
2018-11-11,44.0
2018-11-12,54.0
2018-11-13,78.0
2018-11-14,44.0
2018-11-15,70.0
2018-11-16,72.0
2018-11-17,57.0
2018-11-18,54.0
2018-11-19,73.0
2018-11-20,70.0
2018-11-21,49.0
2018-11-22,42.0
2018-11-23,39.0
2018-11-24,74.0
2018-11-25,69.0
2018-11-26,81.0
2018-11-27,61.0
2018-11-28,55.0
2018-11-29,55.0
2018-11-30,67.0
2018-12-01,72.0
2018-12-02,94.0
2018-12-03,62.0
2018-12-04,47.0
2018-12-05,49.0
2018-12-06,51.0
2018-12-07,47.0
2018-12-08,49.0
2018-12-09,50.0
2018-12-10,51.0
2018-12-11,59.0
2018-12-12,57.0
2018-12-13,74.0
2018-12-14,83.0
2018-12-15,88.0
2018-12-16,86.0
2018-12-17,64.0
2018-12-18,49.0
2018-12-19,52.0
2018-12-20,80.0
2018-12-21,93.0
2018-12-22,66.0
2018-12-23,53.0
2018-12-24,69.0
2018-12-25,54.0
2018-12-26,54.0
2018-12-27,59.0
2018-12-28,92.0
2018-12-29,62.0
2018-12-30,67.0
2018-12-31,80.0
2019-01-01,67.0
2019-01-02,55.0
2019-01-03,62.0
2019-01-04,59.0
2019-01-05,87.0
2019-01-06,52.0
2019-01-07,40.0
2019-01-08,86.0
2019-01-09,52.0
2019-01-10,54.0
2019-01-11,44.0
2019-01-12,43.0
2019-01-13,46.0
2019-01-14,54.0
2019-01-15,49.0
2019-01-16,54.0
2019-01-17,42.0
2019-01-18,81.0
2019-01-19,65.0
2019-01-20,79.0
2019-01-21,54.0
2019-01-22,40.0
2019-01-23,57.0
2019-01-24,81.0
2019-01-25,39.0
2019-01-26,36.0
2019-01-27,54.0
2019-01-28,44.0
2019-01-29,74.0
2019-01-30,46.0
2019-01-31,35.0
2019-02-01,35.0
2019-02-02,45.0
2019-02-03,60.0
2019-02-04,62.0
2019-02-05,65.0
2019-02-06,69.0
2019-02-07,89.0
2019-02-08,62.0
2019-02-09,42.0
2019-02-10,41.0
2019-02-11,52.0
2019-02-12,72.0
2019-02-13,63.0
2019-02-14,46.0
2019-02-15,68.0
2019-02-16,46.0
2019-02-17,54.0
2019-02-18,74.0
2019-02-19,43.0
2019-02-20,68.0
2019-02-21,69.0
2019-02-22,50.0
2019-02-23,64.0
2019-02-24,83.0
2019-02-25,34.0
2019-02-26,40.0
2019-02-27,52.0
2019-02-28,55.0
2019-03-01,73.0
2019-03-02,79.0
2019-03-03,67.0
2019-03-04,64.0
2019-03-05,42.0
2019-03-06,43.0
2019-03-07,43.0
2019-03-08,49.0
2019-03-09,52.0
2019-03-10,90.0
2019-03-11,44.0
2019-03-12,45.0
2019-03-13,53.0
2019-03-14,63.0
2019-03-15,71.0
2019-03-16,40.0
2019-03-17,35.0
2019-03-18,37.0
2019-03-19,41.0
2019-03-20,52.0
2019-03-21,85.0
2019-03-22,69.0
2019-03-23,41.0
2019-03-24,23.0
2019-03-25,39.0
2019-03-26,22.0
2019-03-27,38.0
2019-03-28,56.0
2019-03-29,62.0
2019-03-30,64.0
2019-03-31,66.0
2019-04-01,37.0
2019-04-02,50.0
2019-04-03,37.0
2019-04-04,26.0
2019-04-05,60.0
2019-04-06,66.0
2019-04-07,59.0
2019-04-08,72.0
2019-04-09,86.0
2019-04-10,44.0
2019-04-11,39.0
2019-04-12,68.0
2019-04-13,74.0
2019-04-14,87.0
2019-04-15,68.0
2019-04-16,33.0
2019-04-17,45.0
2019-04-18,69.0
2019-04-19,79.0
2019-04-20,89.0
2019-04-21,73.0
2019-04-22,82.0
2019-04-23,63.0
2019-04-24,46.0
2019-04-25,61.0
2019-04-26,89.0
2019-04-27,46.0
2019-04-28,62.0
2019-04-29,47.0
2019-04-30,85.0
2019-05-01,79.0
2019-05-02,82.0
2019-05-03,93.0
2019-05-04,91.0
2019-05-05,97.0
2019-05-06,69.0
2019-05-07,75.0
2019-05-08,65.0
2019-05-09,63.0
2019-05-10,75.0
2019-05-11,55.0
2019-05-12,85.0
2019-05-13,85.0
2019-05-14,83.0
2019-05-15,58.0
2019-05-16,53.0
2019-05-17,54.0
2019-05-18,47.0
2019-05-19,72.0
2019-05-20,54.0
2019-05-21,39.0
2019-05-22,34.0
2019-05-23,66.0
2019-05-24,52.0
2019-05-25,59.0
2019-05-26,61.0
2019-05-27,44.0
2019-05-28,76.0
2019-05-29,83.0
2019-05-30,86.0
2019-05-31,64.0
2019-06-01,64.0
2019-06-02,66.0
2019-06-03,39.0
2019-06-04,37.0
2019-06-05,61.0
2019-06-06,62.0
2019-06-07,67.0
2019-06-08,51.0
2019-06-09,53.0
2019-06-10,87.0
2019-06-11,57.0
2019-06-12,49.0
2019-06-13,76.0
2019-06-14,51.0
2019-06-15,40.0
2019-06-16,65.0
2019-06-17,73.0
2019-06-18,89.0
2019-06-19,90.0
2019-06-20,93.0
2019-06-21,67.0
2019-06-22,44.0
2019-06-23,40.0
2019-06-24,48.0
2019-06-25,77.0
2019-06-26,54.0
2019-06-27,44.0
2019-06-28,42.0
2019-06-29,57.0
2019-06-30,52.0
2019-07-01,46.0
2019-07-02,50.0
2019-07-03,59.0
2019-07-04,60.0
2019-07-05,73.0
2019-07-06,68.0
2019-07-07,63.0
2019-07-08,62.0
2019-07-09,53.0
2019-07-10,53.0
2019-07-11,69.0
2019-07-12,60.0
2019-07-13,53.0
2019-07-14,43.0
2019-07-15,43.0
2019-07-16,48.0
2019-07-17,63.0
2019-07-18,86.0
2019-07-19,67.0
2019-07-20,51.0
2019-07-21,53.0
2019-07-22,66.0
2019-07-23,78.0
2019-07-24,60.0
2019-07-25,50.0
2019-07-26,52.0
2019-07-27,55.0
2019-07-28,50.0
2019-07-29,48.0
2019-07-30,54.0
2019-07-31,66.0
2019-08-01,51.0
2019-08-02,60.0
2019-08-03,65.0
2019-08-04,61.0
2019-08-05,56.0
2019-08-06,74.0
2019-08-07,77.0
2019-08-08,63.0
2019-08-09,52.0
2019-08-10,43.0
2019-08-11,43.0
2019-08-12,44.0
2019-08-13,71.0
2019-08-14,76.0
2019-08-15,68.0
2019-08-16,72.0
2019-08-17,78.0
2019-08-18,72.0
2019-08-19,64.0
2019-08-20,57.0
2019-08-21,69.0
2019-08-22,64.0
2019-08-23,64.0
2019-08-24,50.0
2019-08-25,59.0
2019-08-26,63.0
2019-08-27,63.0
2019-08-28,83.0
2019-08-29,51.0
2019-08-30,46.0
2019-08-31,46.0
2019-09-01,60.0
2019-09-02,77.0
2019-09-03,61.0
2019-09-04,65.0
2019-09-05,59.0
2019-09-06,74.0
2019-09-07,58.0
2019-09-08,56.0
2019-09-09,66.0
2019-09-10,75.0
2019-09-11,64.0
2019-09-12,73.0
2019-09-13,59.0
2019-09-14,69.0
2019-09-15,55.0
2019-09-16,63.0
2019-09-17,43.0
2019-09-18,57.0
2019-09-19,47.0
2019-09-20,41.0
2019-09-21,53.0
2019-09-22,56.0
2019-09-23,57.0
2019-09-24,50.0
2019-09-25,51.0
2019-09-26,65.0
2019-09-27,53.0
2019-09-28,68.0
2019-09-29,53.0
2019-09-30,59.0
2019-10-01,62.0
2019-10-02,64.0
2019-10-03,87.0
2019-10-04,62.0
2019-10-05,52.0
2019-10-06,69.0
2019-10-07,71.0
2019-10-08,63.0
2019-10-09,72.0
2019-10-10,46.0
2019-10-11,50.0
2019-10-12,61.0
2019-10-13,59.0
2019-10-14,56.0
2019-10-15,51.0
2019-10-16,74.0
2019-10-17,54.0
2019-10-18,57.0
2019-10-19,53.0
2019-10-20,79.0
2019-10-21,64.0
2019-10-22,82.0
2019-10-23,49.0
2019-10-24,41.0
2019-10-25,65.0
2019-10-26,57.0
2019-10-27,86.0
2019-10-28,70.0
2019-10-29,94.0
2019-10-30,98.0
2019-10-31,96.0
2019-11-01,51.0
2019-11-02,59.0
2019-11-03,47.0
2019-11-04,48.0
2019-11-05,64.0
2019-11-06,41.0
2019-11-07,59.0
2019-11-08,49.0
2019-11-09,46.0
2019-11-10,45.0
2019-11-11,63.0
2019-11-12,59.0
2019-11-13,43.0
2019-11-14,44.0
2019-11-15,41.0
2019-11-16,32.0
2019-11-17,58.0
2019-11-18,86.0
2019-11-19,70.0
2019-11-20,61.0
2019-11-21,53.0
2019-11-22,56.0
2019-11-23,46.0
2019-11-24,79.0
2019-11-25,59.0
2019-11-26,61.0
2019-11-27,75.0
2019-11-28,53.0
2019-11-29,56.0
2019-11-30,44.0
2019-12-01,70.0
2019-12-02,86.0
2019-12-03,64.0
2019-12-05,57.0
2019-12-06,48.0
2019-12-07,48.0
2019-12-08,56.0
2019-12-09,88.0
2019-12-10,62.0
2019-12-11,66.0
2019-12-13,75.0
2019-12-14,71.0
2019-12-16,49.0
2019-12-17,84.0
2019-12-18,63.0
2019-12-19,53.0
2019-12-20,53.0
2019-12-21,62.0
2019-12-22,53.0
2019-12-23,46.0
2019-12-24,49.0
2019-12-25,64.0
2019-12-26,83.0
2019-12-27,71.0
2019-12-28,62.0
2019-12-29,73.0
2019-12-30,87.0
2019-12-31,75.0
2020-01-01,49.0
2020-01-02,51.0
2020-01-03,79.0
2020-01-04,88.0
2020-01-05,51.0
2020-01-06,59.0
2020-01-07,53.0
2020-01-08,56.0
2020-01-09,41.0
2020-01-10,69.0
2020-01-11,75.0
2020-01-12,57.0
2020-01-13,79.0
2020-01-14,84.0
2020-01-15,66.0
2020-01-16,64.0
2020-01-17,38.0
2020-01-18,64.0
2020-01-19,59.0
2020-01-20,43.0
2020-01-21,46.0
2020-01-22,50.0
2020-01-23,46.0
2020-01-24,65.0
2020-01-25,87.0
2020-01-26,60.0
2020-01-27,59.0
2020-01-28,57.0
2020-01-29,46.0
2020-01-30,55.0
2020-01-31,74.0
2020-02-01,87.0
2020-02-02,73.0
2020-02-03,59.0
2020-02-04,76.0
2020-02-05,58.0
2020-02-06,93.0
2020-02-07,76.0
2020-02-08,47.0
2020-02-09,72.0
2020-02-10,77.0
2020-02-11,85.0
2020-02-12,51.0
2020-02-13,84.0
2020-02-14,44.0
2020-02-15,48.0
2020-02-16,58.0
2020-02-17,46.0
2020-02-18,77.0
2020-02-19,44.0
2020-02-20,40.0
2020-02-21,34.0
2020-02-22,24.0
2020-02-23,28.0
2020-02-24,45.0
2020-02-25,77.0
2020-02-26,89.0
2020-02-27,53.0
2020-02-28,32.0
2020-02-29,38.0
2020-03-01,42.0
2020-03-02,51.0
2020-03-03,73.0
2020-03-04,43.0
2020-03-05,48.0
2020-03-06,75.0
2020-03-07,41.0
2020-03-08,27.0
2020-03-09,26.0
2020-03-10,49.0
2020-03-11,43.0
2020-03-12,75.0
2020-03-13,59.0
2020-03-14,35.0
2020-03-15,34.0
2020-03-16,50.0
2020-03-17,70.0
2020-03-18,45.0
2020-03-19,80.0
2020-03-20,67.0
2020-03-21,37.0
2020-03-22,41.0
2020-03-23,78.0
2020-03-24,61.0
2020-03-25,72.0
2020-03-26,57.0
2020-03-27,46.0
2020-03-28,75.0
2020-03-29,92.0
2020-03-30,80.0
2020-03-31,69.0
2020-04-01,49.0
2020-04-02,45.0
2020-04-03,67.0
2020-04-04,68.0
2020-04-05,71.0
2020-04-06,43.0
2020-04-07,39.0
2020-04-08,73.0
2020-04-09,62.0
2020-04-10,48.0
2020-04-11,32.0
2020-04-12,52.0
2020-04-13,78.0
2020-04-14,43.0
2020-04-15,35.0
2020-04-16,38.0
2020-04-17,46.0
2020-04-18,70.0
2020-04-19,38.0
2020-04-20,43.0
2020-04-21,62.0
2020-04-22,31.0
2020-04-23,42.0
2020-04-24,84.0
2020-04-25,56.0
2020-04-26,79.0
2020-04-27,69.0
2020-04-28,53.0
2020-04-29,74.0
2020-04-30,83.0
2020-05-01,77.0
2020-05-02,37.0
2020-05-03,50.0
2020-05-04,41.0
2020-05-05,33.0
2020-05-06,68.0
2020-05-07,35.0
2020-05-08,57.0
2020-05-09,44.0
2020-05-10,31.0
2020-05-11,59.0
2020-05-12,36.0
2020-05-13,40.0
2020-05-14,48.0
2020-05-15,55.0
2020-05-16,52.0
2020-05-17,56.0
2020-05-18,64.0
2020-05-19,41.0
2020-05-20,45.0
2020-05-21,64.0
2020-05-22,71.0
2020-05-23,82.0
2020-05-24,64.0
2020-05-25,80.0
2020-05-26,76.0
2020-05-27,78.0
2020-05-28,84.0
2020-05-29,76.0
2020-05-30,49.0
2020-05-31,36.0
2020-06-01,37.0
2020-06-02,35.0
2020-06-03,66.0
2020-06-04,56.0
2020-06-05,77.0
2020-06-06,55.0
2020-06-07,41.0
2020-06-08,39.0
2020-06-09,38.0
2020-06-10,65.0
2020-06-11,77.0
2020-06-12,41.0
2020-06-13,40.0
2020-06-14,45.0
2020-06-15,52.0
2020-06-16,48.0
2020-06-17,65.0
2020-06-18,78.0
2020-06-19,65.0
2020-06-20,60.0
2020-06-21,58.0
2020-06-22,54.0
2020-06-23,62.0
2020-06-24,46.0
2020-06-25,41.0
2020-06-26,40.0
2020-06-27,58.0
2020-06-28,62.0
2020-06-29,60.0
2020-06-30,67.0
2020-07-01,68.0
2020-07-02,51.0
2020-07-03,60.0
2020-07-04,66.0
2020-07-05,55.0
2020-07-06,58.0
2020-07-07,76.0
2020-07-08,68.0
2020-07-09,62.0
2020-07-10,86.0
2020-07-11,71.0
2020-07-12,48.0
2020-07-13,48.0
2020-07-14,50.0
2020-07-15,65.0
2020-07-16,57.0
2020-07-17,71.0
2020-07-18,55.0
2020-07-19,52.0
2020-07-20,50.0
2020-07-21,47.0
2020-07-22,67.0
2020-07-23,66.0
2020-07-24,74.0
2020-07-25,62.0
2020-07-26,45.0
2020-07-27,40.0
2020-07-28,50.0
2020-07-29,56.0
2020-07-30,46.0
2020-07-31,70.0
2020-08-01,59.0
2020-08-02,69.0
2020-08-03,51.0
2020-08-04,71.0
2020-08-05,50.0
2020-08-06,57.0
2020-08-07,72.0
2020-08-08,71.0
2020-08-09,65.0
2020-08-10,60.0
2020-08-11,67.0
2020-08-12,70.0
2020-08-13,76.0
2020-08-14,64.0
2020-08-15,54.0
2020-08-16,76.0
2020-08-17,68.0
2020-08-18,57.0
2020-08-19,69.0
2020-08-20,49.0
2020-08-21,57.0
2020-08-22,57.0
2020-08-23,65.0
2020-08-24,55.0
2020-08-25,52.0
2020-08-26,45.0
2020-08-27,55.0
2020-08-28,61.0
2020-08-29,74.0
2020-08-30,48.0
2020-08-31,55.0
2020-09-01,71.0
2020-09-02,81.0
2020-09-03,60.0
2020-09-04,54.0
2020-09-05,42.0
2020-09-06,50.0
2020-09-07,61.0
2020-09-08,67.0
2020-09-09,73.0
2020-09-10,80.0
2020-09-11,62.0
2020-09-12,61.0
2020-09-13,68.0
2020-09-14,52.0
2020-09-15,52.0
2020-09-16,58.0
2020-09-17,69.0
2020-09-18,54.0
2020-09-19,35.0
2020-09-20,37.0
2020-09-21,40.0
2020-09-22,38.0
2020-09-23,44.0
2020-09-24,50.0
2020-09-25,67.0
2020-09-26,73.0
2020-09-27,78.0
2020-09-28,77.0
2020-09-29,84.0
2020-09-30,58.0
2020-10-01,51.0
2020-10-02,56.0
2020-10-03,48.0
2020-10-04,59.0
2020-10-05,64.0
2020-10-06,56.0
2020-10-07,53.0
2020-10-08,47.0
2020-10-09,45.0
2020-10-10,64.0
2020-10-11,62.0
2020-10-12,84.0
2020-10-13,86.0
2020-10-14,50.0
2020-10-15,67.0
2020-10-16,81.0
2020-10-17,47.0
2020-10-18,60.0
2020-10-19,71.0
2020-10-20,78.0
2020-10-21,83.0
2020-10-22,84.0
2020-10-23,82.0
2020-10-24,68.0
2020-10-25,58.0
2020-10-26,88.0
2020-10-27,70.0
2020-10-28,78.0
2020-10-29,82.0
2020-10-30,81.0
2020-10-31,58.0
2020-11-01,64.0
2020-11-02,42.0
2020-11-03,43.0
2020-11-04,54.0
2020-11-05,70.0
2020-11-06,58.0
2020-11-07,43.0
2020-11-08,48.0
2020-11-09,62.0
2020-11-10,70.0
2020-11-11,86.0
2020-11-12,76.0
2020-11-13,81.0
2020-11-14,47.0
2020-11-15,61.0
2020-11-16,37.0
2020-11-17,44.0
2020-11-18,46.0
2020-11-19,43.0
2020-11-20,43.0
2020-11-21,43.0
2020-11-22,67.0
2020-11-23,63.0
2020-11-24,46.0
2020-11-25,55.0
2020-11-26,71.0
2020-11-27,57.0
2020-11-28,52.0
2020-11-29,41.0
2020-11-30,77.0
2020-12-01,62.0
2020-12-02,52.0
2020-12-03,41.0
2020-12-04,59.0
2020-12-05,69.0
2020-12-06,49.0
2020-12-07,50.0
2020-12-08,56.0
2020-12-09,61.0
2020-12-10,56.0
2020-12-11,64.0
2020-12-12,84.0
2020-12-13,61.0
2020-12-14,65.0
2020-12-15,44.0
2020-12-16,61.0
2020-12-17,75.0
2020-12-18,55.0
2020-12-19,55.0
2020-12-20,69.0
2020-12-21,69.0
2020-12-22,58.0
2020-12-23,51.0
2020-12-24,75.0
2020-12-25,73.0
2020-12-26,47.0
2020-12-27,50.0
2020-12-28,56.0
2020-12-29,41.0
2020-12-30,46.0
2020-12-31,64.0
2021-01-01,66.0
2021-01-02,67.0
2021-01-03,77.0
2021-01-04,71.0
2021-01-05,64.0
2021-01-06,61.0
2021-01-07,53.0
2021-01-08,57.0
2021-01-09,48.0
2021-01-10,51.0
2021-01-11,61.0
2021-01-12,54.0
2021-01-13,50.0
2021-01-14,60.0
2021-01-15,78.0
2021-01-16,70.0
2021-01-17,47.0
2021-01-18,50.0
2021-01-19,47.0
2021-01-20,48.0
2021-01-21,45.0
2021-01-22,41.0
2021-01-23,40.0
2021-01-24,40.0
2021-01-25,42.0
2021-01-26,67.0
2021-01-27,64.0
2021-01-28,47.0
2021-01-29,45.0
2021-01-30,43.0
2021-01-31,60.0
2021-02-01,88.0
2021-02-02,79.0
2021-02-03,63.0
2021-02-04,51.0
2021-02-05,60.0
2021-02-06,36.0
2021-02-07,75.0
2021-02-08,48.0
2021-02-09,75.0
2021-02-10,54.0
2021-02-11,63.0
2021-02-12,38.0
2021-02-13,43.0
2021-02-14,69.0
2021-02-15,74.0
2021-02-16,70.0
2021-02-17,39.0
2021-02-18,72.0
2021-02-19,83.0
2021-02-20,55.0
2021-02-21,47.0
2021-02-22,70.0
2021-02-23,59.0
2021-02-24,51.0
2021-02-25,37.0
2021-02-26,42.0
2021-02-27,79.0
2021-02-28,77.0
2021-03-01,67.0
2021-03-02,33.0
2021-03-03,36.0
2021-03-04,45.0
2021-03-05,33.0
2021-03-06,43.0
2021-03-07,41.0
2021-03-08,33.0
2021-03-09,31.0
2021-03-10,60.0
2021-03-11,59.0
2021-03-12,32.0
2021-03-13,25.0
2021-03-14,31.0
2021-03-15,26.0
2021-03-16,44.0
2021-03-17,70.0
2021-03-18,83.0
2021-03-19,33.0
2021-03-20,35.0
2021-03-21,44.0
2021-03-22,60.0
2021-03-23,74.0
2021-03-24,86.0
2021-03-25,84.0
2021-03-26,60.0
2021-03-27,52.0
2021-03-28,80.0
2021-03-29,37.0
2021-03-30,54.0
2021-03-31,79.0
2021-04-01,60.0
2021-04-02,40.0
2021-04-03,30.0
2021-04-04,36.0
2021-04-05,28.0
2021-04-06,28.0
2021-04-07,41.0
2021-04-08,55.0
2021-04-09,75.0
2021-04-10,75.0
2021-04-11,91.0
2021-04-12,77.0
2021-04-13,58.0
2021-04-14,57.0
2021-04-15,84.0
2021-04-16,65.0
2021-04-17,55.0
2021-04-18,52.0
2021-04-19,48.0
2021-04-20,45.0
2021-04-21,59.0
2021-04-22,36.0
2021-04-23,28.0
2021-04-24,31.0
2021-04-25,64.0
2021-04-26,34.0
2021-04-27,35.0
2021-04-28,61.0
2021-04-29,68.0
2021-04-30,43.0
2021-05-01,36.0
2021-05-02,36.0
2021-05-03,72.0
2021-05-04,78.0
2021-05-05,83.0
2021-05-06,41.0
2021-05-07,46.0
2021-05-08,63.0
2021-05-09,63.0
2021-05-10,64.0
2021-05-11,38.0
2021-05-12,38.0
2021-05-13,31.0
2021-05-14,28.0
2021-05-15,29.0
2021-05-16,36.0
2021-05-17,38.0
2021-05-18,31.0
2021-05-19,35.0
2021-05-20,41.0
2021-05-21,44.0
2021-05-22,48.0
2021-05-23,50.0
2021-05-24,44.0
2021-05-25,57.0
2021-05-26,65.0
2021-05-27,48.0
2021-05-28,58.0
2021-05-29,78.0
2021-05-30,84.0
2021-05-31,66.0
2021-06-01,56.0
2021-06-02,59.0
2021-06-03,84.0
2021-06-04,76.0
2021-06-05,49.0
2021-06-06,44.0
2021-06-07,60.0
2021-06-08,71.0
2021-06-09,63.0
2021-06-10,50.0
2021-06-11,66.0
2021-06-12,69.0
2021-06-13,63.0
2021-06-14,76.0
2021-06-15,59.0
2021-06-16,41.0
2021-06-17,30.0
2021-06-18,38.0
2021-06-19,56.0
2021-06-20,57.0
2021-06-21,68.0
2021-06-22,71.0
2021-06-23,45.0
2021-06-24,52.0
2021-06-25,68.0
2021-06-26,72.0
2021-06-27,65.0
2021-06-28,57.0
2021-06-29,49.0
2021-06-30,51.0
2021-07-01,73.0
2021-07-02,77.0
2021-07-03,79.0
2021-07-04,65.0
2021-07-05,67.0
2021-07-06,60.0
2021-07-07,59.0
2021-07-08,78.0
2021-07-09,73.0
2021-07-10,72.0
2021-07-11,75.0
2021-07-12,81.0
2021-07-13,86.0
2021-07-14,72.0
2021-07-15,62.0
2021-07-16,53.0
2021-07-17,68.0
2021-07-18,67.0
2021-07-19,65.0
2021-07-20,57.0
2021-07-21,61.0
2021-07-22,50.0
2021-07-23,45.0
2021-07-24,54.0
2021-07-25,69.0
2021-07-26,54.0
2021-07-27,46.0
2021-07-28,63.0
2021-07-29,74.0
2021-07-30,51.0
2021-07-31,46.0
2021-08-01,62.0
2021-08-02,53.0
2021-08-03,49.0
2021-08-04,65.0
2021-08-05,68.0
2021-08-06,54.0
2021-08-07,53.0
2021-08-08,74.0
2021-08-09,77.0
2021-08-10,75.0
2021-08-11,68.0
2021-08-12,55.0
2021-08-13,50.0
2021-08-14,51.0
2021-08-15,46.0
2021-08-16,57.0
2021-08-17,62.0
2021-08-18,76.0
2021-08-19,64.0
2021-08-20,66.0
2021-08-21,76.0
2021-08-22,85.0
2021-08-23,75.0
2021-08-24,53.0
2021-08-25,53.0
2021-08-26,56.0
2021-08-27,64.0
2021-08-28,73.0
2021-08-29,81.0
2021-08-30,71.0
2021-08-31,59.0
2021-09-01,79.0
2021-09-02,59.0
2021-09-03,59.0
2021-09-04,58.0
2021-09-05,77.0
2021-09-06,59.0
2021-09-07,57.0
2021-09-08,73.0
2021-09-09,79.0
2021-09-10,51.0
2021-09-11,45.0
2021-09-12,56.0
2021-09-13,57.0
2021-09-14,67.0
2021-09-15,68.0
2021-09-16,71.0
2021-09-17,81.0
2021-09-18,64.0
2021-09-19,50.0
2021-09-20,61.0
2021-09-21,70.0
2021-09-22,78.0
2021-09-23,74.0
2021-09-24,55.0
2021-09-25,53.0
2021-09-26,45.0
2021-09-27,40.0
2021-09-28,62.0
2021-09-29,47.0
2021-09-30,51.0
2021-10-01,50.0
2021-10-02,49.0
2021-10-03,62.0
2021-10-04,85.0
2021-10-05,78.0
2021-10-06,69.0
2021-10-07,70.0
2021-10-08,71.0
2021-10-09,71.0
2021-10-10,81.0
2021-10-11,70.0
2021-10-12,74.0
2021-10-13,73.0
2021-10-14,64.0
2021-10-15,62.0
2021-10-16,68.0
2021-10-17,57.0
2021-10-18,54.0
2021-10-19,44.0
2021-10-20,42.0
2021-10-21,54.0
2021-10-22,55.0
2021-10-23,57.0
2021-10-24,57.0
2021-10-25,78.0
2021-10-26,83.0
2021-10-27,63.0
2021-10-28,62.0
2021-10-29,68.0
2021-10-30,78.0
2021-10-31,67.0
2021-11-01,47.0
2021-11-02,47.0
2021-11-03,48.0
2021-11-04,43.0
2021-11-05,44.0
2021-11-06,47.0
2021-11-07,51.0
2021-11-08,48.0
2021-11-09,53.0
2021-11-10,47.0
2021-11-11,62.0
2021-11-12,65.0
2021-11-13,58.0
2021-11-14,55.0
2021-11-15,60.0
2021-11-16,46.0
2021-11-17,58.0
2021-11-18,65.0
2021-11-19,46.0
2021-11-20,49.0
2021-11-21,60.0
2021-11-22,59.0
2021-11-23,47.0
2021-11-24,43.0
2021-11-25,37.0
2021-11-26,60.0
2021-11-27,47.0
2021-11-28,65.0
2021-11-29,56.0
2021-11-30,54.0
2021-12-01,44.0
2021-12-02,62.0
2021-12-03,42.0
2021-12-04,49.0
2021-12-05,39.0
2021-12-06,77.0
2021-12-07,42.0
2021-12-08,64.0
2021-12-09,47.0
2021-12-10,55.0
2021-12-11,80.0
2021-12-12,34.0
2021-12-13,29.0
2021-12-14,36.0
2021-12-15,59.0
2021-12-16,56.0
2021-12-17,31.0
2021-12-18,74.0
2021-12-19,59.0
2021-12-20,48.0
2021-12-21,53.0
2021-12-22,58.0
2021-12-23,46.0
2021-12-24,75.0
2021-12-25,83.0
2021-12-26,54.0
2021-12-27,59.0
2021-12-28,67.0
2021-12-29,84.0
2021-12-30,85.0
2021-12-31,81.0
2022-01-01,89.0
2022-01-02,80.0
2022-01-03,49.0
2022-01-04,48.0
2022-01-05,76.0
2022-01-06,45.0
2022-01-07,63.0
2022-01-08,43.0
2022-01-09,65.0
2022-01-10,44.0
2022-01-11,41.0
2022-01-12,44.0
2022-01-13,64.0
2022-01-14,64.0
2022-01-15,48.0
2022-01-16,66.0
2022-01-17,69.0
2022-01-18,45.0
2022-01-19,46.0
2022-01-20,60.0
2022-01-21,43.0
2022-01-22,46.0
2022-01-23,44.0
2022-01-24,61.0
2022-01-25,54.0
2022-01-26,38.0
2022-01-27,44.0
2022-01-28,67.0
2022-01-29,66.0
2022-01-30,45.0
2022-01-31,48.0
2022-02-01,56.0
2022-02-02,79.0
2022-02-03,87.0
2022-02-04,81.0
2022-02-05,56.0
2022-02-06,52.0
2022-02-07,84.0
2022-02-08,62.0
2022-02-09,54.0
2022-02-10,51.0
2022-02-11,46.0
2022-02-12,36.0
2022-02-13,69.0
2022-02-14,41.0
2022-02-15,36.0
2022-02-16,59.0
2022-02-17,65.0
2022-02-18,51.0
2022-02-19,41.0
2022-02-20,42.0
2022-02-21,51.0
2022-02-22,86.0
2022-02-23,60.0
2022-02-24,43.0
2022-02-25,72.0
2022-02-26,46.0
2022-02-27,39.0
2022-02-28,31.0
2022-03-01,53.0
2022-03-02,52.0
2022-03-03,42.0
2022-03-04,34.0
2022-03-05,49.0
2022-03-06,73.0
2022-03-07,57.0
2022-03-08,39.0
2022-03-09,73.0
2022-03-10,65.0
2022-03-11,56.0
2022-03-12,72.0
2022-03-13,42.0
2022-03-14,43.0
2022-03-15,41.0
2022-03-16,54.0
2022-03-17,89.0
2022-03-18,75.0
2022-03-19,76.0
2022-03-20,52.0
2022-03-21,36.0
2022-03-22,25.0
2022-03-23,46.0
2022-03-24,88.0
2022-03-25,57.0
2022-03-26,49.0
2022-03-27,48.0
2022-03-28,37.0
2022-03-29,41.0
2022-03-30,40.0
2022-03-31,79.0
2022-04-01,55.0
2022-04-02,46.0
2022-04-03,69.0
2022-04-04,47.0
2022-04-05,53.0
2022-04-06,85.0
2022-04-07,84.0
2022-04-08,53.0
2022-04-09,58.0
2022-04-10,47.0
2022-04-11,46.0
2022-04-12,54.0
2022-04-13,63.0
2022-04-14,63.0
2022-04-15,29.0
2022-04-16,47.0
2022-04-17,42.0
2022-04-18,50.0
2022-04-19,58.0
2022-04-20,41.0
2022-04-21,59.0
2022-04-22,39.0
2022-04-23,45.0
2022-04-24,47.0
2022-04-25,54.0
2022-04-26,80.0
2022-04-27,43.0
2022-04-28,31.0
2022-04-29,21.0
2022-04-30,27.0
2022-05-01,46.0
2022-05-02,83.0
2022-05-03,73.0
2022-05-04,80.0
2022-05-05,50.0
2022-05-06,78.0
2022-05-07,76.0
2022-05-08,43.0
2022-05-09,27.0
2022-05-10,33.0
2022-05-11,42.0
2022-05-12,74.0
2022-05-13,88.0
2022-05-14,87.0
2022-05-15,78.0
2022-05-16,73.0
2022-05-17,41.0
2022-05-18,44.0
2022-05-19,80.0
2022-05-20,86.0
2022-05-21,67.0
2022-05-22,57.0
2022-05-23,45.0
2022-05-24,58.0
2022-05-25,55.0
2022-05-26,67.0
2022-05-27,82.0
2022-05-28,74.0
2022-05-29,57.0
2022-05-30,57.0
2022-05-31,43.0
2022-06-01,78.0
2022-06-02,80.0
2022-06-03,73.0
2022-06-04,52.0
2022-06-05,34.0
2022-06-06,34.0
2022-06-07,61.0
2022-06-08,60.0
2022-06-09,58.0
2022-06-10,42.0
2022-06-11,56.0
2022-06-12,74.0
2022-06-13,60.0
2022-06-14,45.0
2022-06-15,58.0
2022-06-16,71.0
2022-06-17,52.0
2022-06-18,49.0
2022-06-19,39.0
2022-06-20,36.0
2022-06-21,57.0
2022-06-22,79.0
2022-06-23,72.0
2022-06-24,67.0
2022-06-25,53.0
2022-06-26,50.0
2022-06-27,72.0
2022-06-28,46.0
2022-06-29,51.0
2022-06-30,47.0
2022-07-01,53.0
2022-07-02,57.0
2022-07-03,43.0
2022-07-04,35.0
2022-07-05,55.0
2022-07-06,59.0
2022-07-07,64.0
2022-07-08,71.0
2022-07-09,51.0
2022-07-10,49.0
2022-07-11,49.0
2022-07-12,57.0
2022-07-13,49.0
2022-07-14,52.0
2022-07-15,50.0
2022-07-16,73.0
2022-07-17,64.0
2022-07-18,75.0
2022-07-19,49.0
2022-07-20,47.0
2022-07-21,55.0
2022-07-22,46.0
2022-07-23,47.0
2022-07-24,44.0
2022-07-25,64.0
2022-07-26,47.0
2022-07-27,55.0
2022-07-28,67.0
2022-07-29,56.0
2022-07-30,45.0
2022-07-31,51.0
2022-08-01,79.0
2022-08-02,58.0
2022-08-03,55.0
2022-08-04,51.0
2022-08-05,54.0
2022-08-06,54.0
2022-08-07,60.0
2022-08-08,59.0
2022-08-09,59.0
2022-08-10,57.0
2022-08-11,59.0
2022-08-12,39.0
2022-08-13,42.0
2022-08-14,43.0
2022-08-15,49.0
2022-08-16,54.0
2022-08-17,54.0
2022-08-18,50.0
2022-08-19,46.0
2022-08-20,52.0
2022-08-21,68.0
2022-08-22,78.0
2022-08-23,64.0
2022-08-24,48.0
2022-08-25,45.0
2022-08-26,60.0
2022-08-27,57.0
2022-08-28,72.0
2022-08-29,69.0
2022-08-30,69.0
2022-08-31,48.0
2022-09-01,37.0
2022-09-02,54.0
2022-09-03,61.0
2022-09-04,63.0
2022-09-05,70.0
2022-09-06,82.0
2022-09-07,71.0
2022-09-08,60.0
2022-09-09,58.0
2022-09-10,51.0
2022-09-11,73.0
2022-09-12,78.0
2022-09-13,66.0
2022-09-14,51.0
2022-09-15,44.0
2022-09-16,41.0
2022-09-17,60.0
2022-09-18,55.0
2022-09-19,58.0
2022-09-20,59.0
2022-09-21,60.0
2022-09-22,65.0
2022-09-23,48.0
2022-09-24,44.0
2022-09-25,62.0
2022-09-26,51.0
2022-09-27,44.0
2022-09-28,54.0
2022-09-29,52.0
2022-09-30,60.0
2022-10-01,72.0
2022-10-02,62.0
2022-10-03,61.0
2022-10-04,63.0
2022-10-05,82.0
2022-10-06,53.0
2022-10-07,53.0
2022-10-08,50.0
2022-10-09,45.0
2022-10-10,40.0
2022-10-11,53.0
2022-10-12,54.0
2022-10-13,80.0
2022-10-14,59.0
2022-10-15,56.0
2022-10-16,53.0
2022-10-17,71.0
2022-10-18,41.0
2022-10-19,44.0
2022-10-20,43.0
2022-10-21,44.0
2022-10-22,54.0
2022-10-24,89.0
2022-10-25,92.0
2022-10-26,82.0
2022-10-27,48.0
2022-10-28,50.0
2022-10-29,58.0
2022-10-30,55.0
2022-10-31,71.0
2022-11-01,77.0
2022-11-02,55.0
2022-11-03,66.0
2022-11-04,79.0
2022-11-05,75.0
2022-11-06,77.0
2022-11-07,47.0
2022-11-08,35.0
2022-11-09,51.0
2022-11-10,66.0
2022-11-11,87.0
2022-11-12,66.0
2022-11-13,61.0
2022-11-14,48.0
2022-11-15,60.0
2022-11-16,68.0
2022-11-17,47.0
2022-11-18,44.0
2022-11-19,42.0
2022-11-20,34.0
2022-11-21,37.0
2022-11-22,38.0
2022-11-23,37.0
2022-11-24,60.0
2022-11-25,64.0
2022-11-26,40.0
2022-11-27,63.0
2022-11-28,59.0
2022-11-29,58.0
2022-11-30,70.0
2022-12-01,41.0
2022-12-02,50.0
2022-12-03,72.0
2022-12-04,42.0
2022-12-05,50.0
2022-12-06,81.0
2022-12-07,88.0
2022-12-08,60.0
2022-12-09,50.0
2022-12-10,58.0
2022-12-11,77.0
2022-12-12,71.0
2022-12-13,54.0
2022-12-14,51.0
2022-12-15,73.0
2022-12-16,85.0
2022-12-17,55.0
2022-12-18,51.0
2022-12-19,52.0
2022-12-20,52.0
2022-12-21,55.0
2022-12-22,78.0
2022-12-23,70.0
2022-12-24,42.0
2022-12-25,46.0
2022-12-26,44.0
2022-12-27,45.0
2022-12-28,46.0
2022-12-29,47.0
2022-12-30,55.0
2022-12-31,89.0
2023-01-01,62.0
2023-01-02,61.0
2023-01-03,87.0
2023-01-04,79.0
2023-01-05,91.0
2023-01-06,77.0
2023-01-07,58.0
2023-01-08,53.0
2023-01-09,60.0
2023-01-10,54.0
2023-01-11,55.0
2023-01-12,80.0
2023-01-13,74.0
2023-01-14,64.0
2023-01-15,52.0
2023-01-16,36.0
2023-01-17,34.0
2023-01-18,59.0
2023-01-19,77.0
2023-01-20,65.0
2023-01-21,55.0
2023-01-22,62.0
2023-01-23,77.0
2023-01-24,49.0
2023-01-25,67.0
2023-01-26,57.0
2023-01-27,48.0
2023-01-28,40.0
2023-01-29,57.0
2023-01-30,60.0
2023-01-31,60.0
2023-02-01,48.0
2023-02-02,36.0
2023-02-03,41.0
2023-02-04,38.0
2023-02-05,52.0
2023-02-06,58.0
2023-02-07,56.0
2023-02-08,50.0
2023-02-09,70.0
2023-02-10,50.0
2023-02-11,41.0
2023-02-12,45.0
2023-02-13,28.0
2023-02-14,39.0
2023-02-15,50.0
2023-02-16,54.0
2023-02-17,71.0
2023-02-18,39.0
2023-02-19,56.0
2023-02-20,56.0
2023-02-21,72.0
2023-02-22,59.0
2023-02-23,84.0
2023-02-24,51.0
2023-02-25,54.0
2023-02-26,62.0
2023-02-27,50.0
2023-02-28,83.0
2023-03-01,67.0
2023-03-02,69.0
2023-03-03,55.0
2023-03-04,75.0
2023-03-05,51.0
2023-03-06,38.0
2023-03-07,50.0
2023-03-08,50.0
2023-03-09,50.0
2023-03-10,64.0
2023-03-11,72.0
2023-03-12,55.0
2023-03-13,82.0
2023-03-14,71.0
2023-03-15,47.0
2023-03-16,29.0
2023-03-17,44.0
2023-03-18,38.0
2023-03-19,31.0
2023-03-20,34.0
2023-03-21,24.0
2023-03-22,49.0
2023-03-23,75.0
2023-03-24,46.0
2023-03-25,74.0
2023-03-26,40.0
2023-03-27,51.0
2023-03-28,54.0
2023-03-29,42.0
2023-03-30,35.0
2023-03-31,54.0
2023-04-01,66.0
2023-04-02,31.0
2023-04-03,46.0
2023-04-04,70.0
2023-04-05,85.0
2023-04-06,71.0
2023-04-07,27.0
2023-04-08,34.0
2023-04-09,46.0
2023-04-10,42.0
2023-04-11,22.0
2023-04-12,24.0
2023-04-13,26.0
2023-04-14,30.0
2023-04-15,76.0
2023-04-16,82.0
2023-04-17,64.0
2023-04-18,40.0
2023-04-19,44.0
2023-04-20,52.0
2023-04-21,69.0
2023-04-22,87.0
2023-04-23,71.0
2023-04-24,47.0
2023-04-25,44.0
2023-04-26,61.0
2023-04-27,73.0
2023-04-28,68.0
2023-04-29,93.0
2023-04-30,96.0
2023-05-01,50.0
2023-05-02,58.0
2023-05-03,57.0
2023-05-04,73.0
2023-05-05,64.0
2023-05-06,51.0
2023-05-07,46.0
2023-05-08,46.0
2023-05-09,39.0
2023-05-10,48.0
2023-05-11,32.0
2023-05-12,32.0
2023-05-13,36.0
2023-05-14,32.0
2023-05-15,29.0
2023-05-16,31.0
2023-05-17,36.0
2023-05-18,46.0
2023-05-19,60.0
2023-05-20,95.0
2023-05-21,57.0
2023-05-22,59.0
2023-05-23,61.0
2023-05-24,52.0
2023-05-25,44.0
2023-05-26,36.0
2023-05-27,38.0
2023-05-28,38.0
2023-05-29,47.0
2023-05-30,60.0
2023-05-31,65.0
2023-06-01,59.0
2023-06-02,51.0
2023-06-03,71.0
2023-06-04,54.0
2023-06-05,45.0
2023-06-06,44.0
2023-06-07,45.0
2023-06-08,49.0
2023-06-09,52.0
2023-06-10,52.0
2023-06-11,64.0
2023-06-12,77.0
2023-06-13,51.0
2023-06-14,61.0
2023-06-15,53.0
2023-06-16,62.0
2023-06-17,58.0
2023-06-18,50.0
2023-06-19,63.0
2023-06-20,67.0
2023-06-21,66.0
2023-06-22,74.0
2023-06-23,85.0
2023-06-24,84.0
2023-06-25,81.0
2023-06-26,82.0
2023-06-27,79.0
2023-06-28,66.0
2023-06-29,62.0
2023-06-30,65.0
2023-07-01,59.0
2023-07-02,76.0
2023-07-03,68.0
2023-07-04,79.0
2023-07-05,61.0
2023-07-06,66.0
2023-07-07,71.0
2023-07-08,76.0
2023-07-09,80.0
2023-07-10,64.0
2023-07-11,44.0
2023-07-12,46.0
2023-07-13,62.0
2023-07-14,77.0
2023-07-15,80.0
2023-07-16,86.0
2023-07-17,69.0
2023-07-18,73.0
2023-07-19,72.0
2023-07-20,64.0
2023-07-21,63.0
2023-07-22,50.0
2023-07-23,49.0
2023-07-24,57.0
2023-07-25,70.0
2023-07-26,60.0
2023-07-27,65.0
2023-07-28,60.0
2023-07-29,63.0
2023-07-30,51.0
2023-07-31,43.0
2023-08-01,45.0
2023-08-02,45.0
2023-08-03,50.0
2023-08-04,70.0
2023-08-05,58.0
2023-08-06,53.0
2023-08-07,82.0
2023-08-08,65.0
2023-08-09,47.0
2023-08-10,73.0
2023-08-11,56.0
2023-08-12,71.0
2023-08-13,62.0
2023-08-14,55.0
2023-08-15,84.0
2023-08-16,79.0
2023-08-17,81.0
2023-08-18,58.0
2023-08-19,47.0
2023-08-20,43.0
2023-08-21,57.0
2023-08-22,50.0
2023-08-23,49.0
2023-08-24,74.0
2023-08-25,86.0
2023-08-26,73.0
2023-08-27,62.0
2023-08-28,74.0
2023-08-29,81.0
2023-08-30,65.0
2023-08-31,49.0
2023-09-01,50.0
2023-09-02,56.0
2023-09-03,56.0
2023-09-04,64.0
2023-09-05,63.0
2023-09-06,59.0
2023-09-07,54.0
2023-09-08,78.0
2023-09-09,79.0
2023-09-10,83.0
2023-09-11,85.0
2023-09-12,75.0
2023-09-13,72.0
2023-09-14,53.0
2023-09-15,59.0
2023-09-16,47.0
2023-09-17,57.0
2023-09-18,87.0
2023-09-19,55.0
2023-09-20,49.0
2023-09-21,55.0
2023-09-22,69.0
2023-09-23,86.0
2023-09-24,91.0
2023-09-25,86.0
2023-09-26,76.0
2023-09-27,59.0
2023-09-28,77.0
2023-09-29,89.0
2023-09-30,83.0
2023-10-01,68.0
2023-10-02,65.0
2023-10-03,65.0
2023-10-04,71.0
2023-10-05,71.0
2023-10-06,92.0
2023-10-07,80.0
2023-10-08,53.0
2023-10-09,48.0
2023-10-10,59.0
2023-10-11,59.0
2023-10-12,57.0
2023-10-13,51.0
2023-10-14,73.0
2023-10-15,60.0
2023-10-16,63.0
2023-10-17,61.0
2023-10-18,69.0
2023-10-19,65.0
2023-10-20,87.0
2023-10-21,73.0
2023-10-22,54.0
2023-10-23,56.0
2023-10-24,60.0
2023-10-25,50.0
2023-10-26,51.0
2023-10-27,56.0
2023-10-28,57.0
2023-10-29,79.0
2023-10-30,81.0
2023-10-31,50.0
2023-11-01,56.0
2023-11-02,48.0
2023-11-03,50.0
2023-11-04,49.0
2023-11-05,50.0
2023-11-06,60.0
2023-11-07,64.0
2023-11-08,43.0
2023-11-09,62.0
2023-11-10,48.0
2023-11-11,51.0
2023-11-12,52.0
2023-11-13,53.0
2023-11-14,51.0
2023-11-15,55.0
2023-11-16,55.0
2023-11-17,68.0
2023-11-18,60.0
2023-11-19,43.0
2023-11-20,42.0
2023-11-21,65.0
2023-11-22,81.0
2023-11-23,55.0
2023-11-24,46.0
2023-11-25,48.0
2023-11-26,70.0
2023-11-27,60.0
2023-11-28,42.0
2023-11-29,42.0
2023-11-30,41.0
2024-01-01,61.0
2024-01-02,54.0
2024-01-03,56.0
2024-01-04,52.0
2024-01-05,47.0
2024-01-06,67.0
2024-01-07,80.0
2024-01-08,52.0
2024-01-09,75.0
2024-01-10,54.0
2024-01-11,46.0
2024-01-12,57.0
2024-01-13,63.0
2024-01-14,40.0
2024-01-15,43.0
2024-01-16,76.0
2024-01-17,43.0
2024-01-18,40.0
2024-01-19,64.0
2024-01-20,52.0
2024-01-21,48.0
2024-01-22,46.0
2024-01-23,58.0
2024-01-24,86.0
2024-01-25,89.0
2024-01-26,90.0
2024-01-27,81.0
2024-01-28,85.0
2024-01-29,71.0
2024-01-30,62.0
2024-01-31,68.0
2024-02-01,64.0
2024-02-02,74.0
2024-02-03,51.0
2024-02-04,47.0
2024-02-05,41.0
2024-02-06,45.0
2024-02-07,47.0
2024-02-08,55.0
2024-02-09,70.0
2024-02-10,67.0
2024-02-11,57.0
2024-02-12,58.0
2024-02-13,71.0
2024-02-14,43.0
2024-02-15,48.0
2024-02-16,38.0
2024-02-17,64.0
2024-02-18,39.0
2024-02-19,37.0
2024-02-20,39.0
2024-02-21,61.0
2024-02-22,67.0
2024-02-23,79.0
2024-02-24,45.0
2024-02-25,43.0
2024-02-26,58.0
2024-02-27,82.0
2024-02-28,82.0
2024-02-29,35.0
2024-03-01,46.0
2024-03-02,86.0
2024-03-03,67.0
2024-03-04,74.0
2024-03-05,87.0
2024-03-06,83.0
2024-03-07,73.0
2024-03-08,53.0
2024-03-09,76.0
2024-03-10,62.0
2024-03-11,36.0
2024-03-12,32.0
2024-03-13,50.0
2024-03-14,56.0
2024-03-15,53.0
2024-03-16,54.0
2024-03-17,44.0
2024-03-18,39.0
2024-03-19,43.0
2024-03-20,49.0
2024-03-21,34.0
2024-03-22,44.0
2024-03-23,82.0
2024-03-24,39.0
2024-03-25,46.0
2024-03-26,58.0
2024-03-27,75.0
2024-03-28,81.0
2024-03-29,39.0
2024-03-30,42.0
2024-03-31,47.0
2024-04-01,57.0
2024-04-02,82.0
2024-04-03,84.0
2024-04-04,66.0
2024-04-05,52.0
2024-04-06,50.0
2024-04-07,47.0
2024-04-08,41.0
2024-04-09,43.0
2024-04-10,72.0
2024-04-11,88.0
2024-04-12,71.0
2024-04-13,50.0
2024-04-14,45.0
2024-04-15,49.0
2024-04-16,37.0
2024-04-17,69.0
2024-04-18,80.0
2024-04-19,70.0
2024-04-20,58.0
2024-04-21,40.0
2024-04-22,37.0
2024-04-23,45.0
2024-04-24,49.0
2024-04-25,44.0
2024-04-26,51.0
2024-04-27,50.0
2024-04-28,66.0
2024-04-29,66.0
2024-04-30,82.0
2024-05-01,73.0
2024-05-02,73.0
2024-05-03,67.0
2024-05-04,65.0
2024-05-05,83.0
2024-05-06,79.0
2024-05-07,47.0
2024-05-08,56.0
2024-05-09,51.0
2024-05-10,73.0
2024-05-11,61.0
2024-05-12,70.0
2024-05-13,69.0
2024-05-14,69.0
2024-05-15,87.0
2024-05-16,80.0
2024-05-17,64.0
2024-05-18,72.0
2024-05-19,68.0
2024-05-20,71.0
2024-05-21,66.0
2024-05-22,57.0
2024-05-23,63.0
2024-05-24,44.0
2024-05-25,50.0
2024-05-26,73.0
2024-05-27,86.0
2024-05-28,56.0
2024-05-29,59.0
2024-05-30,56.0
2024-05-31,36.0
2024-06-01,30.0
2024-06-02,41.0
2024-06-03,47.0
2024-06-04,67.0
2024-06-05,76.0
2024-06-06,79.0
2024-06-07,51.0
2024-06-08,41.0
2024-06-09,48.0
2024-06-10,47.0
2024-06-11,55.0
2024-06-12,54.0
2024-06-13,52.0
2024-06-14,63.0
2024-06-15,46.0
2024-06-16,52.0
2024-06-17,59.0
2024-06-18,57.0
2024-06-19,57.0
2024-06-20,52.0
2024-06-21,52.0
2024-06-22,64.0
2024-06-23,60.0
2024-06-24,50.0
2024-06-25,35.0
2024-06-26,53.0
2024-06-27,54.0
2024-06-28,41.0
2024-06-29,72.0
2024-06-30,74.0
2024-07-01,50.0
2024-07-02,41.0
2024-07-03,44.0
2024-07-04,64.0
2024-07-05,73.0
2024-07-06,72.0
2024-07-07,60.0
2024-07-08,68.0
2024-07-09,72.0
2024-07-10,70.0
2024-07-11,57.0
2024-07-12,68.0
2024-07-13,74.0
2024-07-14,61.0
2024-07-15,61.0
2024-07-16,51.0
2024-07-17,67.0
2024-07-18,58.0
2024-07-19,48.0
2024-07-20,53.0
2024-07-21,59.0
2024-07-22,71.0
2024-07-23,85.0
2024-07-24,86.0
2024-07-25,59.0
2024-07-26,45.0
2024-07-27,47.0
2024-07-28,50.0
2024-07-29,72.0
2024-07-30,72.0
2024-07-31,67.0
2024-08-01,55.0
2024-08-02,68.0
2024-08-03,71.0
2024-08-04,77.0
2024-08-05,61.0
2024-08-06,75.0
2024-08-07,85.0
2024-08-08,88.0
2024-08-09,84.0
2024-08-10,51.0
2024-08-11,47.0
2024-08-12,50.0
2024-08-13,52.0
2024-08-14,52.0
2024-08-15,49.0
2024-08-16,64.0
2024-08-17,71.0
2024-08-18,81.0
2024-08-19,70.0
2024-08-20,52.0
2024-08-21,52.0
2024-08-22,49.0
2024-08-23,47.0
2024-08-24,47.0
2024-08-25,52.0
2024-08-26,60.0
2024-08-27,60.0
2024-08-28,57.0
2024-08-29,63.0
2024-08-30,65.0
2024-08-31,72.0
2024-09-01,72.0
2024-09-02,48.0
2024-09-03,42.0
2024-09-04,46.0
2024-09-05,60.0
2024-09-06,72.0
2024-09-07,74.0
2024-09-08,47.0
2024-09-09,40.0
2024-09-10,46.0
2024-09-11,49.0
2024-09-12,64.0
2024-09-13,61.0
2024-09-14,66.0
2024-09-15,66.0
2024-09-16,62.0
2024-09-17,67.0
2024-09-18,75.0
2024-09-19,53.0
2024-09-20,62.0
2024-09-21,60.0
2024-09-22,59.0
2024-09-23,62.0
2024-09-24,63.0
2024-09-25,67.0
2024-09-26,84.0
2024-09-27,73.0
2024-09-28,84.0
2024-09-29,82.0
2024-09-30,68.0
